,name,acc_name,id,follower_cnt,following_cnt,post_cnt,bio,category
0,Achim JÃ¼rgen Post,achim_p,1979223691,2538,1444,3516,"#SPD-MdB fÃ¼r #Minden-#LÃ¼bbecke, stellv. Vorsitzender der @spdbt-Fraktion, Vorsitzender der @NRWSPD & stellv. @spdde-Vorsitzender (Postings/Team = tap)",
1,Adis Ahmetovic,adis.a93,25699539826,15653,850,399,"â¤ï¸ MdB fÃ¼r Hannover und Vorsitzender der @spd_hannover 
ğŸ›ï¸ AuÃŸen- und Sicherheitspolitiker
ğŸ“¢ Sprecher fÃ¼r Internationale Klima- und Energiepolitik",Politician
2,Albert Stegemann,albert.stegemann,25376883363,3974,1291,504,"ğŸŒ¾ğŸ‘·â€â™‚ï¸ Bundestagsabgeordneter fÃ¼r das Emsland und die Grafschaft Bentheim
ğŸ—£ Sprecher fÃ¼r Landwirtschaft/ErnÃ¤hrung  @cducsubt
ğŸ® Landwirt aus Ãœberzeugung",Politician
3,Alexander Bartz,bundesbartz,45486851663,2921,7334,774,"ğŸ›ï¸ Abgeordneter im Deutschen Bundestag
ğŸ’š Zuhause im Oldenburger MÃ¼nsterland
ğŸ¤ Handel ğŸ—ºï¸ Tourismus ğŸ½ï¸ ErnÃ¤hrung
@spdbt",Politician
4,Alexander Engelhard,alexander_engelhard_csu,48111005815,1355,96,389,"ğŸ’™Bundestagsabgeordneter fÃ¼r den Wahlkreis Neu-Ulm
ğŸ’™CSU Kreisrat in Neu-Ulm
ğŸ‘¨â€ğŸ‘©â€ğŸ‘§â€ğŸ‘§Familienmensch und ğŸŒ¾Getreidekenner",Politician
6,Alexander Graf Lambsdorff,alexandergraflambsdorff,5760876068,17873,449,415,Botschafter der Bundesrepublik Deutschland in der Russischen FÃ¶deration,Consulate & Embassy
7,Alexander Hoffmann,alexander.hoffmannmdb,5708286586,2564,917,960,"ğŸ‡©ğŸ‡ªMitglied des Deutschen Bundestages 
ğŸ”¹Parlamentarischer GeschÃ¤ftsfÃ¼hrer (CSU)
ğŸ“Wahlkreis Main-Spessart/Miltenberg",Politician
9,Ana-Maria TrÄƒsnea,amtrasnea,26039470493,3710,2272,548,"ğŸ« MdB und StaatssekretÃ¤rin a.D.
ğŸŒ¹ Co-Vorsitzende @spd_frauen_berlin 
âš–ï¸Demokratie I ğŸ‘¨â€ğŸ‘©â€ğŸ‘§Jugend & Familie I 
â¤ï¸Migration I ğŸ‡ªğŸ‡º & ğŸŒ I
ğŸ˜»Katzenmama",Political Candidate
10,Andrea Lindholz,andrea.lindholz,4852355566,2900,783,487,"ğŸ‡©ğŸ‡ª direkt gewÃ¤hlte Bundestagsabgeordnete 
ğŸ“Wahlkreis Aschaffenburg #bwk247
â–¶ï¸ Stv. Vorsitzende @cducsubt Innen & Recht",Personal blog
11,Andreas Audretsch,andreasaudretsch,469893070,4628,1058,481,"Stv. Fraktionsvorsitzender @gruenebundestag
Finanzen | Haushalt | Wirtschaft | Arbeit & Soziales
FÃ¼r Demokratie, gegen Rechtsextremismus
ğŸ’š NeukÃ¶lln",Politician
12,Andreas Bleck,andreasbleckmdb,42531002287,2035,297,1021,Mitglied des Bundestages,Politician
13,Andreas Jung,andreasjung.kn,42820935020,5781,6232,572,"ğŸ“Bundestagsabgeordneter fÃ¼r den WK Konstanz 
ğŸ‘‰ Stellv. Bundesvorsitzender der @cdu
ğŸŒ³ Vorsitzender der AG Klimaschutz & Energie der @cducsubt",Politician
14,Andreas Larem,andreas.larem,42546842440,2395,416,830,"ğŸ› Mitglied des Deutschen Bundestages ğŸ”´ @spdde 
ğŸ“FÃ¼r Darmstadt /Darmstadt-Dieburg 
ğŸ’¼ AuswÃ¤rtiger Ausschuss /Vereinte Nationen
#wahlkreis185 #laremlÃ¤uft",Politician
15,Andreas Lenz,andreas.lenz.bundestag,2007850860,5874,5138,2209,Mitglied des Bundestages - fÃ¼r Erding und Ebersberg,
16,Andreas Rimkus,rimkusandreas,3220353201,2158,1231,880,...MdB...DÃ¼sseldorfer Herz...voller Energie...gemeinsam stark...,
18,Andreas Schwarz,andreas.schwarz.mdl,6941126571,3949,1638,1324,"ğŸŒ» Fraktionschef von @fraktiongruenbw
ğŸ“ Kirchheim unter Teck
ğŸ’› Fan von @thelaend
ğŸ«±ğŸ»â€ğŸ«²ğŸ½ im Landtag fÃ¼r Klimaschutz, Zusammenhalt und Innovation",Not a business
19,Andreas Schwarz,andreas.schwarz.mdb,6773979151,3072,1025,2958,"ğŸ«Bundestagsabgeordneter @spdbt
ğŸ“Bamberg und Forchheim 
ğŸ’°Haushalts- und ğŸ›¡ï¸Verteidigungspolitik.",Politician
20,Andrej Konstantin Hunko,andrejhunko,4056305375,1406,153,114,"MdB  | ğŸ—£ï¸ @buendnis_sahrawagenknecht & Vorsitzender der #UEL-Fraktion im @councilofeurope
Alles Weitere: ğŸ‘‡",Politician
21,Anette Kramme,anettekramme,5618885318,1340,484,330,"- Bundestagsabgeordnete @spdde 
- PSt beim Bundesminister fÃ¼r Arbeit und Soziales 
- In Berlin fÃ¼r Bayreuth, Forchheim, Lichtenfels",Politician
22,AnikÃ³ Merten,aniko_teamwunderkerze,31719567654,2596,510,1153,"MdB & kulturpolitische Sprecherin @fdpbt / 
20. Deutscher Bundestag / WK 50 #Braunschweig / Ratsfrau @fdp.ratsfraktion.bs âœ¨âœ¨âœ¨ #immerblaugelb ğŸ’™ğŸ’›",Politician
23,Anja Liebert,anjas_ideen,8650842664,1257,1316,693,"Politikerin, MdB
ğŸŒ» GrÃ¼ne Ideen fÃ¼r die Stadt
Wuppertaler Abgeordnete von BÃ¼ndnis 90/DIE GRÃœNEN im Deutschen Bundestag. 
@gruene_wuppertal",Politician
24,Anja Schulz,anja_schulz_liberal,47603660574,1711,593,190,"Mitglied des Bundestages @fdpbt â€¢ 
Stv. Landesvorsitzende @fdpnds â€¢ Mitglied im Bundesvorstand @fdp",Politician
25,Anke Hennig,ankehennig_bramsche,11170429380,2312,1103,899,"ğŸ“OsnabrÃ¼cker Land
ğŸˆTierschutzbeauftragte, 
ğŸ³ï¸â€ğŸŒˆstv. queerpolitische und 
ğŸ«‚stv. familienpolitische Sprecherin der 
ğŸŒ¹@spdbt
ğŸš¸ Kindertagespflegeperson",Politician
26,Annalena Charlotte Alma Baerbock,abaerbock,7012133944,591107,404,908,AuÃŸenministerin,Politician
27,Anne Janssen,anne_janssen_26,45403842644,2624,495,954,"Die Zukunft im Blick, die KÃ¼ste im RÃ¼cken. Das bin ich @anne_janssen_26, Mutter, frÃ¼her Lehrerin und jetzt Bundestagsabgeordnete fÃ¼r den Wahlkreis 26",Politician
28,Anne KÃ¶nig,annekoenig_,7808310269,3649,1917,1101,"ğŸ‡©ğŸ‡ª Bundestagsabgeordnete Wahlkreis Borken II 
ğŸš€ #gemeinsamschaffenwirneues #cdu
Mit Ideen, Weitsicht und Leidenschaft!",Politician
29,Anne Monika Spallek,aspallek,6254259652,1534,1396,706,"ğŸŒ»Abgeordnete von @gruenebundestag fÃ¼r den Kreis Coesfeld
ğŸ’š LÃ¤ndliche RÃ¤ume und regionale WertschÃ¶pfung",Politician
30,Annette Widmann-Mauz,widmannmauz,7595057467,2510,533,1141,"ğŸ“ MdB fÃ¼r TÃ¼bingen-Hechingen @cducsubt     Staatsministerin a.D.
ğŸšº Bundesvorsitzende der Frauen-Union",Politician
31,Annika Gisela Klose,annikloseberlin,3648280598,6826,835,679,"ğŸš©Deine Bundestagsabgeordnete fÃ¼r Berlin-Mitte @spdde 
ğŸ“š zustÃ¤ndig fÃ¼r BÃ¼rgergeld & Kindergrundsicherung
âœŠğŸ½ Seenotrettung, Feminismus, Antifaschismus",Politician
33,Antje Tillmann,antje_tillmann,45966588973,995,26,191,"Bundestagsabgeordnete, Politikerin fÃ¼r Erfurt, Weimar und das Grammetal, Finanzpolitische Sprecherin CDU/CSU",Politician
34,Anton Gerhard Hofreiter,toni_hofreiter,2162986305,35571,341,837,Biologe & Bundestagsabgeordneter,Politician
35,Ariane FÃ¤scher,ariane_faescher,44796382360,4078,313,547,Deine Bundestagsabgeordnete der @spdde OHV&HVL im WK58ğŸŒ¹fÃ¼r Dich. fÃ¼r morgen. Jetzt.,Politician
36,Armand Zorn,armand_zorn,354098041,19592,2553,629,"âœ–ï¸Mitglied des Deutschen Bundestages 
âœ–ï¸Finanzen & Digitales 
âœ–ï¸Frankfurt am Main 
âœ–ï¸Ein Herz fÃ¼r FuÃŸball & soziale Gerechtigkeit",Politician
37,Armin Laschet,armin_laschet,4852192933,74958,180,835,"Christdemokrat. EuropÃ¤er.
Mitglied des Deutschen Bundestages.
MinisterprÃ¤sident a.D.",Politician
38,Armin Schwarz,armin_schwarz_cdu,23415335263,1645,131,367,"Hessischer Minister fÃ¼r Kultus, Bildung und Chancen
Bezirksvorsitzender CDU Kurhessen-Waldeck
Politisches und Privates",
39,Artur Auernhammer,arturauernhammer,8635142535,2662,1651,568,"#MdB ğŸ‡©ğŸ‡ª #csu #cducsu #bwk241 #landwirt #wintersport #heimat                      
ğŸ“Wahlkreis Ansbach und WeiÃŸenburg-Gunzenhausen
Foto: Tobias Koch",Politician
40,Astrid Damerow,astrid_damerow,48309762605,1219,380,473,Bundestagsabgeordnete fÃ¼r Nordfriesland und Dithmarschen-Nord,Politician
41,Astrid Mannes,astrid.mannes.mdb,34682182742,1192,914,231,CDU-Bundestagsabgeordnete fÃ¼r den Wahlkreis 186 (Darmstadt),Politician
42,Ates Nils GÃ¼rpinar,atesgurpinar,5732099709,5663,784,1145,"ğŸš© Stellv. Parteivorsitzender
ğŸ› MdB fÃ¼r @dielinke 
ğŸ—£ï¸ Mitglied im Ausschuss fÃ¼r Gesundheit (Krankenhaus-, Pflege- und Drogenpolitik)",Politician
43,Axel Helmut SchÃ¤fer,axel.schaefer.mdb,18385924339,1290,364,689,"ğŸ›ï¸Mitglied des Bundestages
ğŸ‡ªğŸ‡ºMitglied des Europarates
ğŸŸ¥Mitglied in der Parlamentarischen Linken
#Bochum ğŸ“ğŸ¡
#EuropÃ¤erğŸ‡ªğŸ‡º #Sozi #Demokrat",Politician
44,Axel Knoerig,axelknoerig,14252617694,1864,829,1303,"ğŸ‡©ğŸ‡ª MdB WK Diepholz/Nienburg I â¡ï¸ @cducsubt
ğŸ› Vorsitzender Arbeitnehmergruppe
ğŸ‘¨â€ğŸ­ Stv. Vorsitzender @cda_bund
ğŸ‘‡ğŸ¼ Impressum",Politician
45,Beate MÃ¼ller-Gemmeke,gruenebeate,17119943994,1844,457,857,"ğŸŒ» GrÃ¼ne Bundestagsabgeordnete
ğŸŸ¢ Arbeit & Soziales
ğŸ‘¥ FÃ¼r gute Arbeit, Chancen & Perspektiven
âœŠ GewerkschaftsGrÃ¼n",Politician
46,Beatrix Storch,beatrix.von.storch,5443965097,62262,204,1027,Stellvertretende Fraktionsvorsitzende der AfD im Deutschen Bundestag,Politician
47,Benjamin Strasser,bstrasser,178360704,5056,1357,1133,MdB der @fdpbt ğŸ›ğŸ’› | parlamentarischer staatssekretÃ¤r @bundesjustizministerium âš–ï¸ğŸ‘¨â€âš–ï¸ | prÃ¤sident @bmco.verbandğŸµ| anwalt | oberschwabe,Politician
48,Bernd Helmut Westphal,bestphal,21608316238,1783,241,502,"ğŸ‘‰ğŸ» #SPD #Bundestagsabgeordneter fÃ¼r den Landkreis #Hildesheim
ğŸ‘‰ğŸ» Mitglied des Vorstandes der @spdbt 
ğŸ‘‰ğŸ» Wirtschaftspolitischer Sprecher",Politician
49,Bernd Reuther,reutherbernd,5866809226,2804,1640,830,"â–ºMitglied des Deutschen Bundestages (FDP)        â–ºVerkehrspolitischer Sprecher der @fdpbt 
â–º Mitglied im Sportausschuss
â–º Kreisvorsitzender der FDP",Politician
50,Bernhard Daldrup,bernharddaldrup,6056725554,2976,1483,1203,"Euer Bundestagsabgeordneter aus WAF â¤, kommunalpol. Sprecher, Obmann fÃ¼r Bau, Wohnen, Stadtentwicklung & Kommunen, Mitgl. im Finanzausschuss.",Politician
51,Bernhard Herrmann,bernhard_herrmann_,46254373148,1197,651,525,"ğŸŒ»MdB @gruenebundestag
ğŸ¡Ortschaftsrat
ğŸ’¡Wirtschaft â€¢ Energie â€¢ Klima",Politician
52,Bernhard Siegfried Loos,loosbernhard,6291003038,1227,509,650,Mitglied des Deutschen Bundestages fÃ¼r den Wahlkreis MÃ¼nchen-Nord und Unternehmer.,Politician
53,Bettina Margarethe Wiesmann,bmwiesmann,19057821327,1909,705,707,"ğŸ› MdB, ex MdL FFM
ğŸ‘¨â€ğŸ‘©â€ğŸ‘§â€ğŸ‘¦ Familie, ğŸš€Jugend, ğŸªKinder, ğŸ—Bildung, ğŸŒˆVielfalt, ğŸ’ªZusammenhalt, ğŸ—½Demokratie
BÃ¼rgerverein Dem.ort Paulskirche e.V. 
ğŸ‡©ğŸ‡ªğŸ‡ªğŸ‡ºğŸ‡ºğŸ‡¦",Politician
54,Bettina Martha Lieselotte Hoffmann,dr.bettina.hoffmann,8595548077,1679,1049,460,"Parl. StaatssekretÃ¤rin @umweltministerium, MdB @gruenebundestag, Diplom-Biologin (Dr. rer. nat.)",Politician
55,Bettina MÃ¼ller,betmueller,5499326551,1558,665,1045,Bundestagsabgeordnete fÃ¼r Main-Kinzig / Wetterau / Schotten. Am liebsten Zuhause. ğŸ‡ªğŸ‡º Auch auf Twitter(@Betmueller) und Facebook und im www zu finden:,Politician
56,Bettina Stark-Watzinger,bettina.starkwatzinger,2072724745,15821,836,739,"Zukunft gehÃ¶rt denen, die etwas tun ğŸ’ª
Bundestag | Bundesministerin fÃ¼r Bildung und Forschung ğŸ”¬| Aus vollem Herzen Mutter ğŸ‘¨â€ğŸ‘©â€ğŸ‘§â€ğŸ‘§
Stories auch vom Team",Politician
57,Bijan Djir-Sarai,bijan_djirsarai_,5546636637,15995,619,915,Mitglied des Deutschen Bundestages @fdpbt GeneralsekretÃ¤r der FDP @fdp,Politician
58,BjÃ¶rn Manuel Simon,bjoernsimon.mdb,17298629987,1377,385,1146,"ğŸ‡©ğŸ‡ª CDU-Bundestagsabgeordneter @cducsubt 
ğŸ“ Stadt- und Kreis Offenbach 
âœˆï¸ Verkehrs- & ğŸŒ Umweltpolitiker",Politician
59,Boris MijatoviÄ‡,boris.mijatovic,5812282908,1961,698,429,"ğŸ’š Zuhause in @stadtkassel
ğŸŒ» Sprecher fÃ¼r Menschenrechte und humanitÃ¤re Hilfe bei @GrueneBundestag
ğŸ› MdB fÃ¼r Menschenrechte, Frieden und Europa",Politician
60,Brian Nickholz,briannickholz,5390206908,1901,1145,818,"ğŸ“Direkt gewÃ¤hlter Bundestagsabgeordneter fÃ¼r Datteln, Haltern am See, Herten, Marl und Oer-Erkenschwick
SPD-Beauftragter fÃ¼r Obdach- und Wohnungslose",Politician
62,Britta Maria HaÃŸelmann,britta.hasselmann,45936092066,5033,467,308,"Fraktionsvorsitzende @GrueneBundestag ğŸŒ»
aus Bielefeld.",Politician
63,Bruno HÃ¶nel,bruno.hoenel,5558660387,12923,1099,488,"ğŸ› Bundestagsabgeordneter @gruenebundestag fÃ¼r den Wahlkreis #LÃ¼beck 
ğŸ’° Haushalt & Finanzen 
ğŸŒ» Parteirat @gruenesh
ğŸ‘¨â€ğŸ“ Psychologe (M.Sc.)",Politician
64,BÃ¤rbel Bas,bundestagspraesidentin,56817584420,12190,117,463,"Offizieller Instagram-Kanal der BundestagsprÃ¤sidentin BÃ¤rbel Bas
Official Instagram account of the President of the German @bundestag BÃ¤rbel Bas",
65,BÃ¤rbel Kofler,gudrun_kofler,47280680622,2019,1219,371,"âš”ï¸ Tirolerin ~ Idealistin ~ FreigeistğŸ—½
ğŸ›ï¸ Abgeordnete zum Tiroler Landtag ğŸ‡µğŸ‡±
â€ğ”‡ğ”ğ”° ğ”ğ”¢ğ”Ÿğ”¢ğ”« ğ”¤ğ”¦ğ”©ğ”± ğ”«ğ”¦ğ” ğ”¥ğ”±ğ”°, ğ”´ğ”¢ğ”«ğ”« ğ”¡ğ”¦ğ”¢ ğ”‰ğ”¯ğ”¢ğ”¦ğ”¥ğ”¢ğ”¦ğ”± ğ”£ğ”ğ”¢ğ”©ğ”©ğ”±!"" ~ ğ”ğ”ğ”¯ğ”© ğ”—ğ”¥ğ”¢ğ”¬ğ”¡ğ”¬ğ”¯ ğ”ğ”¬ğ”¢ğ”¯ğ”«ğ”¢ğ”¯",Politician
66,Canan Bayram,lieblingxhain,5354211755,3725,980,1322,Mitglied Deutscher #Bundestag ğŸ’š #wk83 #erststimmebayram #Kreuzberg #Friedrichshain #PrenzlauerbergOst #lieblingxhain ğŸŒ» gegen #mietenwahnsinn âœŠğŸ¼,Public figure
67,Cansel Kiziltepe,canselkiziltepe,271860340,6509,1498,1126,"ğŸŒ¹ @spd_afa @spdberlin
Politikerin, Bundesvorsitzende der Arbeitsgemeinschaft fÃ¼r Arbeit in der SPD
ğŸ“ Ã–konomin",Politician
71,Carina Konrad,ca.konrad,2164103294,4709,2055,1689,"Mitglied des Deutschen BundestagesğŸ‡©ğŸ‡ª
Fraktionsvize ğŸ’›
ZustÃ¤ndig fÃ¼r Nachhaltigkeit durch Innovation
ğŸ«ğŸ¦‹ğŸŒ³ğŸš™ğŸ§¬ğŸš‰ğŸ‘·ğŸ—ï¸ğŸ ğŸŒğŸŒ±ğŸŒ¾ğŸ§‘â€ğŸŒ¾ğŸ„  ğŸšœ",Politician
72,Carl-Julius Cronenberg,cjcronenberg,20167922078,1559,311,336,"SauerlÃ¤nder
Bundestagsabgeordneter @fdpbt 
Sprecher fÃ¼r Mittelstand & Freihandel 
Hier postet und kommentiert mein Team ğŸ“²",Politician
73,Carlos Kasper,car.los.kasper,45757165859,3642,1108,307,"ğŸ›ï¸ SPD-Bundestagsabgeordneter fÃ¼r das Chemnitzer Umland
ğŸ±ğŸŒˆ #TeamCat
ğŸ‘®â€â™‚ï¸ Zollbeamter",Politician
74,Carmen Wegge,carmenwegge,8946126681,10020,644,385,"ğŸŒ¹ Juristin, Slammerin & im Bundestag
âœŠğŸ½ Innen- & Rechtspolitikerin
âœ¨ #noNazis | #Feminismus | #LegalizeIt
ğŸ“ Starnberg | Landsberg | Germering",Politician
75,Carolin Wagner,carolinwagner.in,44580185730,2117,957,802,"ğŸ“ Regensburg
ğŸ’ªğŸ» Bundestagsabgeordnete 
ğŸ“• Bildung, Forschung sowie Digitales
ğŸš© Sozialdemokratin
ğŸ‘© Mutter von zwei Kindern",Politician
76,Carsten Brodesser,carsten.brodesser,5742831103,1175,39,746,CDU Bundestagsabgeordneter,Politician
77,Carsten Christoffer Linnemann,carsten_linnemann,4708420619,47050,636,346,"GeneralsekretÃ¤r der @cdu Deutschlands | Bundestagsabgeordneter fÃ¼r Paderborn ğŸ¦š | Grundsatzprogramm ğŸ“– | FuÃŸball, Skat, Joggen âš½ï¸",Politician
78,Carsten KÃ¶rber,carsten.koerber,45885642952,1028,263,560,"ğŒğ¢ğ­ğ ğ¥ğ¢ğğ ğğğ¬ ğƒğğ®ğ­ğ¬ğœğ¡ğğ§ ğğ®ğ§ğğğ¬ğ­ğšğ ğğ¬
Vorsitzender der @cducsubt-Landesgruppe #sachsen
@cdusachsen @cdu #carstenkÃ¶rber",Politician
80,Carsten Schneider,ostbeauftragter.schneider,56135639994,1898,30,172,Dies ist mein offizielles Regierungskonto als Beauftragter der Bundesregierung fÃ¼r Ostdeutschland,Politician
81,Carsten Schneider,schneidercar_spd,4703498677,5779,1223,958,"Staatsminister im Kanzleramt & Beauftragter fÃ¼r Ostdeutschland @ostbeauftragter.schneider 
Abgeordneter fÃ¼r Erfurt & Weimar
ğŸ“Berlin â†”ï¸ Erfurt I ğŸš´&ğŸ£I",
82,Cem Ã–zdemir,cem.oezdemir,3505294052,138324,682,1740,Direkt gewÃ¤hlter Bundestagsabgeordneter fÃ¼r Stuttgart und Bundesminister fÃ¼r ErnÃ¤hrung & Landwirtschaft | Fan @VfB âšªï¸ğŸ”´,
83,Christian Alexander Stetten,christian_von_stetten,42381428481,911,3,42,"â–ªï¸ MdB / direkt gewÃ¤hlt im Wahlkreis SchwÃ¤bisch Hall-Hohenlohe
â–ªï¸Vorsitzender des PKM und Mittelstandspolitischer Sprecher von CDU/CSU
â–ªï¸Unternehmer",
84,Christian Bartelt,christian_bartelt_mdb,60550653119,678,349,190,FDP-Bundestagsabgeordneter ğŸ›ï¸ aus dem schÃ¶nsten Wahlkreis Deutschlands: Mecklenburg Vorpommern ğŸŒ…,
86,Christian DÃ¼rr,christianduerr,4182427586,8635,981,844,"Fraktionschef der @fdpbt ğŸ’› 
Wirtschaft, Innovation und Freiheit im Fokus ğŸ—½
Niedersachse ğŸ
@werderbremen ğŸŸ¢âšªï¸",
87,Christian Friedrich Wirth,dr.christian_wirth_mdb,457568590,2091,1710,1057,"â€¢ Rechtsanwalt
â€¢ Mitglied des Deutschen Bundestages  Fraktion der AfD
â€¢Staats-und Verfassungsrechtlicher Sprecher
â€¢Innenausschuss",Politician
88,Christian GÃ¶rke,christiangoerke62,4161573525,1400,1007,284,"Parlamentarischer GeschÃ¤ftsfÃ¼hrer @dielinkebt, WK 64 Lausitz, Finanzminister a.D., Finanzpolitik fÃ¼r die Millionen statt die MillionÃ¤re",Politician
90,Christian Haase,christianhaasemdb,12539685077,2094,497,566,"OWLer | Politiker | Haushaltspolitischer Sprecher | Bundesvorsitzender KPV 
#christianhaase #haaseontour",Politician
91,Christian Jung,christianjungmdl,3311922416,4961,7139,4842,Impressum/DatenschutzerklÃ¤rung siehe www.christian-jung.de,
93,Christian Petry,christianpetrymdb,26242506362,1967,847,219,"ğŸ“Direkt gewÃ¤hlter Bundestagsabgeordneter fÃ¼r den Wahlkreis 298 (St. Wendel)
â¤ï¸ SaarlÃ¤nder
âœŠ Sozialdemokrat 
ğŸ‡ªğŸ‡º EuropÃ¤er",Politician
94,Christiane Schenderlein,christiane_schenderlein,4325227760,2018,1518,1041,"Mitglied des Deutschen Bundestages 
Sprecherin Kultur & Medien CDU/CSU-Fraktion
Nordsachsen â¤ï¸
#schenderlein #schenderleinfÃ¼rnordsachsen",Politician
95,Christina-Johanne SchrÃ¶der,cijay_schroeder,6256327934,2077,1115,335,"ğŸ’šğŸŒ»âœŒï¸Sprecherin fÃ¼r Wohnen, Stadtentwicklung, Bauwesen und Kommunen @GrueneBundestag | Ausschuss fÃ¼r ErnÃ¤hrung & Landwirtschaft |",Politician
96,Christine Irene Aschenberg-Dugnus,aschenbergdugnus,4487746478,3436,523,1625,"ğŸš€ Parlamentarische GeschÃ¤ftsfÃ¼hrerin der @fdpbt 
ğŸ’Š Gesundheitsexpertin 
ğŸ“š RechtsanwÃ¤ltin
ğŸ“Berlin | Strande",
97,Christoph Bernhard Vries,christoph.devries.mdb,8376181066,3976,2010,1398,"ğŸ‡©ğŸ‡ª Bundestagsabgeordneter fÃ¼r HH-Mitte
ğŸ—³ @cdu_hamburg 
ğŸ‘®ğŸ¼â€â™‚ï¸ Inneres, Islamismus & Terrorismus
ğŸ™ğŸ¼  Kontrolle der Nachrichtendienste (PKGr)",Politician
98,Christoph Florian Schmid,christoph.schmid.alerheim,25981428907,1506,332,855,"SPD Bundestagsabgeordneter 
ğŸ“Donau-Ries 
ğŸ“Dillingen
ğŸ’¼ Verteidigungsausschuss",Politician
100,Christoph Johannes PloÃŸ,christophplossmdb,6359223147,8996,839,1510,"Hamburger Jung âš“ï¸ 
Bundestagsabgeordneter @cducsubt ğŸ›ï¸ 
KÃ¤mpft fÃ¼r bÃ¼rgerliche Politik! ğŸ‡©ğŸ‡ªğŸ‡ªğŸ‡º
Leidenschaftlicher Sportler ğŸƒğŸ»â€â™‚ï¸",Politician
101,Christoph Werner Meyer,meyer_fdp,5440696696,1915,299,447,"ğŸ“Berliner
ğŸ’›Mitglied des Bundestages fÃ¼r die @fdp 
ğŸ›ï¸ Stellv. Fraktionsvorsitzender der @fdpbt 
ğŸ‘¤Landesvorsitzender der @fdp_berlin",Politician
102,Christos Pantazis,dr.christos.pantazis,423681676,3054,1827,1922,"ğŸ‘¨ğŸ»â€âš•ï¸Arzt ğŸ¦#EinLÃ¶weInBerlin
ğŸŒ¹Vorsitzender @spd.braunschweig
ğŸ›Bundestagsabgeordneter fÃ¼r #Braunschweig
âš•ï¸Stellv. gesundheitspolitischer Sprecher @spdbt",Politician
103,Clara Anne BÃ¼nger,clara.buenger,38896022042,22215,1298,447,"ğŸ›ï¸Abgeordnete im Bundestag fÃ¼r @dielinke 
ğŸ“¢ Expertin fÃ¼r Flucht- und Rechtspolitik
ğŸ‘©ğŸ¼â€âš–ï¸ Juristin
âœŠğŸ¼ MitgrÃ¼nderin von @equalrightsbb",Politician
104,Claudia Benedikta Roth,claudiaroth_official,44725101889,56849,746,613,"ğŸŒ»GrÃ¼ne MdB aus Augsburg 
ğŸ›ï¸Kulturstaatsministerin @bundeskultur
ğŸŒKultur | Vielfalt | Menschenrechte | Feminismus | 1Welt
ğŸ’šTon Steine Scherben
âš½FuÃŸball",Politician
105,Claudia Moll,claudia_moll_,7892125690,4309,534,428,"ğŸ‘©ğŸ»â€âš•ï¸ Altenpflegefachkraft und Sozi mit â¤ï¸
ğŸ«±ğŸ¾â€ğŸ«²ğŸ¼ MdB fÃ¼r die Menschen in der StÃ¤dteregion Aachen
ğŸ¢ PflegebevollmÃ¤chtigte der Bundesregierung",Politician
106,Dagmar Schmidt,dieschmidt,233042091,1848,518,605,"Bundestagsabgeordnete fÃ¼r den Lahn-Dill-Kreis, Biebertal und Wettenberg",Politician
107,Daniel Baldy,baldy.daniel,356704123,3688,1397,498,"ğŸŒ¹ Sozialdemokrat
ğŸ› Bundestagsabgeordneter fÃ¼r Mainz & Mainz-Bingen
ğŸ‘¨â€ğŸ« Lehrer",Politician
108,Daniel Rinkert,danielrinkert,243717388,2474,1023,1131,"ğŸ’â€â™‚ï¸Dein Bundestagsabgeordneter fÃ¼r #dormagen #grevenbroich #jÃ¼chen #kaarst #korschenbroich #meerbusch #neuss #rommerskirchen 
ğŸŒ¹Sozi",Politician
109,Daniela Ludwig,daniludwigmdb,19452308020,6965,1058,1547,"ğŸ‡©ğŸ‡ªBundestagsabgeordnete
ğŸ‡©ğŸ‡ªAusschussvorsitzende
ğŸ‡®ğŸ‡±Israelbeauftragte der @cducsubt 
ğŸ”·Vorsitzende @brkrosenheim 
ğŸ”·Vorsitzende @fuoberbayern",
110,Deborah Saskia DÃ¼ring,debbie.duering,12515157490,4362,1625,402,"// Sprecherin fÃ¼r AuÃŸenpolitik @gruenebundestag 
// Finanzpolitikerin
// Friedens- und Konfliktforscherin
// Kaffee, Antifaschismus, Feminismus",Public figure
111,Denise Loop,denise.loop,3430631695,2439,1005,212,"ğŸ›ï¸ Abgeordnete @gruenebundestag
ğŸ“Dithmarschennord - Nordfriesland
ğŸ’š Kinder-, Jugend- und Gleichstellungspolitik",Politician
112,Dennis Rohde,dennis_rohde,1565962376,2697,540,981,"Bundestagsabgeordneter fÃ¼r Oldenburg und das Ammerland seit 2013
Haushaltspolitischer Sprecher der @spdbt
Bezirksvorsitzender der SPD Weser-Ems",Politician
113,Derya TÃ¼rk-Nachbaur,deryatuerknachbaur,5991650340,10834,1661,685,"ğŸŒ¹ Bundestagsabgeordnete @spdbt 
ğŸ“ Schwarzwald-Baar-Kreis
ğŸ•Šï¸ Menschenrechte | ğŸŒ AuÃŸenpolitik",Politician
114,Detlef Seif,detlefseifmdb,44111047475,625,322,66,#detlefseif,Personal blog
115,Dirk Wiese,dirkwiesespd,3227284870,7120,1046,4721,"Sozialdemokratischer MdB aus dem Sauerland + stv. Vorsitzender der @spdbt fÃ¼r Innen ğŸ‘®ğŸ¼â€â™€ï¸, Recht ğŸ›, Landwirtschaft ğŸšœğŸ„ğŸŒ¾,  Sport ğŸ¥‡u. Petitionen âœ‰ï¸",Politician
117,Dorothee Katja Julia Martin,doromartin_hamburg,3307400391,4228,3125,1443,"âš“ï¸ Hamburgerin aus Leidenschaft
ğŸ›ï¸ Im Bundestag fÃ¼r Hamburgs Norden
ğŸŒ¹ @spdbt",Politician
118,Dunja Eleonore Angelika Kreiser,dunjakreiser,7049485130,2233,2109,921,"> Bundestagsabgeordnete Wahlkreis 49 - Salzgitter, WolfenbÃ¼ttel & Nordharz
> Stellv. Vorsitzende der @spdniedersachsen 
> ğŸ”´ SPD
> Innenpolitikerin",Politician
119,Edgar Konrad Hartmut Franke,edgar.franke1,4345209919,3068,4159,789,"Nordhesse aus Ãœberzeugung, MdB. Parlamentarischer StaatssekretÃ¤r beim Bundesminister fÃ¼r Gesundheit.",
120,Ekin DeligÃ¶z,ekin_deligoez,5795313913,3604,1107,1433,"ğŸŒ» MdB | @gruenebundestag
ğŸ’¼ PStin | @bmfsfj 
ğŸ£ Born | Tokat, TÃ¼rkei
ğŸ¡ Home | @gruene_neu_ulm 
ğŸ‘©ğŸ½â€ğŸ’»Private Account",
122,Elisabeth Kaiser,elisabeth_kaiser_th,3231914424,3681,1083,1043,"â€¢ FÃ¼r OstthÃ¼ringen im Bundestag! 
â€¢ Sozialdemokratin 
â€¢ ThÃ¼ringen <-> Berlin",Politician
123,Emmi Zeulner,emmi_zeulner,13806269697,4876,432,1050,,Politician
124,Enrico Komning,enricokomningmdb,25613338390,1363,172,982,"ğŸ‡©ğŸ‡ª Bundestagsabgeordneter aus Neubrandenburg
ğŸ‘” Parlament. GeschÃ¤ftsfÃ¼hrer der @afdimbundestag",Politician
125,Erhard Grundl,erhard.grundl,6947467266,3203,1556,1157,"ğŸŒ» MdB @gruenebundestag
ğŸŒ»Stadtrat @stadt.straubing 
ğŸ“#Niederbayern
ğŸ¤#Kultur & #Medien|Politik
ğŸŒ #AuswÃ¤rtiger|Ausschuss #AKBP
ğŸ‡ªğŸ‡º #Europa|Ausschuss",Politician
126,Erich Irlstorfer,irlstorfer.mdb,34990419166,3102,790,929,"Seit 2013 direkt gewÃ¤hlter Bundestagsabgeordneter fÃ¼r den WK 214 (Freising, Pfaffenhofen a.d. Ilm und Neuburg-Schrobenhausen) und Gesundheitspolitiker",Politician
127,Erik Malottki,erikvonmalottki,6220578318,4534,2587,413,"ğŸ› Bundestagsabgeordneter 
ğŸ§­ Mecklenburg Vorpommern Ost
ğŸŒ¹ Sozialdemokrat
â¤ï¸ #unbestechlich",Politician
128,Erwin Josef RÃ¼ddel,erwin_rueddel,1797711846,2240,177,3426,"â–«ï¸Bundestagsabgeordneter der CDU 
â–«ï¸Neuwied/ Altenkirchen 
â–«ï¸Mitglied im Ausschuss fÃ¼r Gesundheit im Deutschen Bundestag",Politician
129,Esther Dilcher,estherdilcher,7878464296,2418,1247,450,"ğŸ› Bundestagsabgeordnete @spdbt 
ğŸ“Œ Wahlkreis 167: Waldeck & Kassel-Land #natÃ¼rlichnordhessen #echtesther
ğŸ’°Haushaltsausschuss",Politician
130,Fabian Funke,fabianfunke.spd,47435708876,1673,262,298,Mitglied des Deutschen Bundestags fÃ¼r die @spdde | Zuhause bei der @spdsachsen & den @jusossachsen in der SÃ¤chsischen Schweiz & Osterzgebirge,Politician
131,Felix Banaszak,fbanaszak,849717318,67834,1491,715,"ğŸ’š FÃ¼r #Duisburg im #Bundestag
ğŸŒ» GrÃ¼n hinterm Kopf
ğŸ’¶ Haushalts- und Wirtschaftspolitik fÃ¼r eine Welt, in der unsere Kinder auch noch gerne leben â˜ºï¸",Politician
132,Felix Schreiner,felixschreiner,2042249544,4742,2569,1664,"ğŸ‡©ğŸ‡ª Bundestagsabgeordneter
ğŸ’¡Verkehrs- & Nachhaltigkeitspolitiker der @cducsubt 
ğŸ“Wahlkreis Waldshut-Hochschwarzwald",Politician
133,Filiz Polat,filiz.polat.mdb,8423491283,4509,1284,599,"ğŸ™‹ğŸ½â€â™€ï¸ Abgeordnete im Deutschen Bundestag
ğŸ› Parlamentarische GeschÃ¤ftsfÃ¼hrerin
ğŸŒ» #Migration #Integration #Antirassismus 
ğŸ¤¸ğŸ¾â€â™‚ï¸ in Bramsche zu Hause",Politician
134,Florian OÃŸner,florian_ossner,3103042507,3308,2554,874,"Bundestagsabgeordneter fÃ¼r die Region Landshut-Kelheim, Platz der Republik 1, 11011 Berlin",Politician
135,Frank Ullrich,frank.ullrich.biathlon,6581955160,3462,1201,889,"MdB fÃ¼r den Wahlkreis 196 I SÃ¼dthÃ¼ringenğŸŒ² I @spdde
Vorsitzender des Sportausschusses im Deutschen @bundestag ğŸ¥‡ğŸ¥ˆğŸ¥‰",Politician
136,Frank Uwe SchÃ¤ffler,f_schaeffler,5540808143,3901,854,466,"ğŸ›ï¸| FDP-Bundestagsabgeordneter aus OWL
ğŸ”| Obmann im PUA Atomausstieg
ğŸ’¶| Haushalt & Digitales 
ğŸ—£ï¸| Bitcoin, Blockchain und Krypto 
ğŸ—½| FreiheitskÃ¤mpfer",Politician
137,Franziska Kersten,franziskakersten,26794878792,1547,1589,812,"FÃ¼r die SPD & BÃ¶rde/Jerichower Land im Deutschen Bundestag. Themen: lÃ¤ndlicher Raum, Ausgleich zwischen Umweltschutz & Landwirtschaft, starker Osten.",Politician
138,Friedhelm GÃ¼nter Boginski,friedhelmboginski,50327226064,1294,1366,364,"ğŸ’› MdB fÃ¼r @fdpbt 
ğŸ“ğŸ—ï¸ Mitglied im Bildungs- und Bauausschuss. 
ğŸ¡ Kommunalpolitischer Sprecher
ğŸš€ Wahlkreis 57
â¬‡ï¸ Homepage",Politician
139,Gabriela Heinrich,gabriela_heinrich,9524494388,1757,596,494,"ğŸ› Im Bundestag fÃ¼r NÃ¼rnberg-Nord
ğŸŒ¹ Stellv. Fraktionsvorsitzende der @spdbt. 
ğŸ“‹ AuÃŸenpolitik, Menschenrechte, Verteidigung & Entwicklungszusammenarbeit",
141,Gerald Ullrich,gerald.ullrich,6551486877,2035,486,958,"ğŸ“Bundestagsabgeordneter | MdB @fdpbt
ğŸ’¼ Wirtschaftsausschuss 
â¡ï¸ Bundesvorstand @fdp 
ğŸ†• AktuellesğŸ‘‡",Politician
142,Gero Storjohann,gero_storjohann,18080675067,3240,495,617,"ğŸ“ŒWahlkreis Segeberg & Stormarn-Mitte 
ğŸ“®Vorsitzender AG Petitionen 
ğŸš´â€â™‚ï¸Fahrrad & Familie",Politician
143,Gesine LÃ¶tzsch,gesine.loetzsch,4691575374,4419,1224,1640,Mitglied des Bundestages | Fraktion DIE LINKE | Direktmandat im Wahlkreis Berlin-Lichtenberg | stellvertretende Fraktionsvorsitzende,
144,Gitta Connemann,gittaconnemann,6969663881,13201,514,1544,"Bauernkind, Politikerin, HerzblutmittelstÃ¤ndlerin, Ostfriesin, Wahl-EmslÃ¤nderin, Teilzeit-Berlinerin, BÃ¼cherwurm, Musik- und Schuhliebhaberin ğŸ‘¡ ğŸ¼ğŸŒ³ğŸŒ¾ğŸ„ğŸğŸ“š",Politician
145,Gottfried Hermann GrÃ¶he,hermann.groehe,44338237257,2716,684,661,"Bundestagsabgeordneter fÃ¼r Dormagen, Grevenbroich, Neuss & Rommerskirchen 
Stellv. Vorsitzender der @cducsubt
Stellv. Vorsitzender @onlinekas",Politician
146,Gregor Gysi,gregorgysi,10894345546,147686,86,429,"im Wahlkreis 84 Berlin Treptow-KÃ¶penick direkt gewÃ¤hlter Bundestagsabgeordneter, Die Linke",Politician
147,Gunther Krichbaum,gunther_krichbaum,33466958440,1279,587,497,"ğŸ—³ï¸Direkt gewÃ¤hlter Bundestagsabgeordneter seit 2002
ğŸ“Wahlkreis Enzkreis/Pforzheim 
ğŸ‡ªğŸ‡ºEuropapolitischer Sprecher CDU/CSU-Bundestagsfraktion",Politician
148,GÃ¶kay Akbulut,g.akbulut_mdb,5181226682,3339,2026,756,"ğŸ› Bundestagsabgeordnete fÃ¼r Die LINKE. 
ğŸ‘©â€ğŸ‘©â€ğŸ‘§â€ğŸ‘¦ Migrations-, Familien- & TÃ¼rkeipolitik 
âœŠğŸ¼Frauenpolitische Sprecherin
Federal Parl. Milletvekili",Community
149,GÃ¶tz FrÃ¶mming,goetzfroemming,1781756903,9821,823,1687,Mitglied des Deutschen Bundestages,Politician
150,GÃ¼listan YÃ¼ksel,guelistan.yueksel,40639118603,3548,980,620,"ğŸ›ï¸ Bundestagsabgeordnete 
â™¥ï¸ FÃ¼r #MÃ¶nchengladbach
ğŸŒ¹ @spdbt @spdde 
âš½ Vorsitzende #FohlendesBundestages ğŸ’š@borussia",Politician
151,Hakan Demir,hakandemirnk,14933920893,9667,3364,1188,"FÃ¼r NeukÃ¶lln im Bundestag (SPD)
Arbeiter:innenkind | Innen- und Sozialpolitik | starke Demokratie | Menschenrechte | Migration
ğŸŒ± Natur âš½ï¸ FuÃŸball",Politician
152,Hannes Gnauck,hannesgnauck,2986602052,6701,1507,853,"MdB aus der Uckermark fÃ¼r die @afdimbundestag | Mitglied des Verteidigungsausschusses | Vorsitzender der @ja_deutschland 
Bundesvorstand @afd.bund",Politician
155,Hans-Peter Friedrich,hanspeter.friedrich,4274489252,3484,1415,330,"ğŸ Bundestagsabgeordneter: Hof, Wunsiedel
ğŸ”¹@csu_bt 
ğŸ’ª#somachmers
â¡ï¸ WahlkreisbÃ¼ro: SchÃ¼tzenstraÃŸe 1 ,95028 Hof",Politician
162,Harald Ebner,harald_ebner_mdb,11861505502,1474,681,178,Mitglied des deutschen Bundestages,Politician
163,Heidi Reichinnek,heidireichinnek,7095896367,60955,598,556,"Co-Vorsitzende @dielinkebt
Sprecherin fÃ¼r Kinder, Jugendliche, Senior:innen & Soziales",Politician
164,Heike Engelhardt,heike.engelhardt,5930022612,2141,881,533,"ğŸ› Bundestagsabgeordnete | @spdbt 
ğŸŒ¹ Kreisvorsitzende | @spd.kreis.ravensburg 
ğŸ« StadtrÃ¤tin und Fraktionsvorsitzende | @stadt.ravensburg",Politician
165,Heike Heubach,heikeheubachspd,25558874733,7844,2639,175,"ğŸŒ¹ Bundestagsabgeordnete fÃ¼r Augsburg-Land & Aichach-Friedberg
ğŸŒ¹ Beisitzerin der SPD Frauen Augsburg Land
ğŸŒ¹ OV-Vorsitzende der SPD Stadtbergen",Politician
166,Heike Martina Brehmer,heike_brehmer_mdb,28895703358,1335,925,547,Mitglied des Deutschen Bundestages fÃ¼r Harz und Salzland,
168,Helge Frederik Lindh,helgelindh,5846445947,8892,1557,1588,Ihr Bundestagsabgeordneter fÃ¼r Wuppertal I ğŸšŸ| Mehr Menschlichkeit in der Politik ğŸ’ª,Politician
169,Helge Reinhold Braun,braunhelge,3001329694,11402,126,233,"ğŸ›Bundesminister a. D.
ğŸ“Mitglied des Bundestages fÃ¼r GieÃŸen/Alsfeld",Personal blog
170,Helge Stefan Limburg,helgelimburg,27932824385,3202,1016,432,"ğŸ›ï¸ Bundestagsabgeordneter
ğŸ‘¨â€âš–ï¸ Rechtspolitischer Sprecher @gruenebundestag
ğŸ“ Niedersachsen
â¬‡ï¸ Komm in meinen WhatsApp-Channel â¬‡ï¸",Politician
171,Hendrik Hoppenstedt,hendrikhoppenstedt,9269522976,4765,472,659,"Bundestagsabgeordneter fuÌˆr den Wahlkreis Hannover Land I, Niedersachsen
Parlamentarischer GeschÃ¤ftsfÃ¼hrer der CDU/CSU-Bundestagsfraktion",Politician
172,Herbert Wollmann,herbert.wollmann,40154784387,1308,550,386,"Mitglied des Bundestages (MdB) fÃ¼r die #Altmark
ğŸŒ¹@spdbt #jawollmann 
Ausschuss fÃ¼r Gesundheit und SportausschussğŸ§¬ğŸ†ğŸš£ğŸ»â€â™€ï¸ 
ğŸ˜ï¸ Stadtrat fÃ¼r Stendal",Politician
173,Hermann FÃ¤rber,hermannfaerber,48175389930,1306,572,533,"ğŸ“Direkt gewÃ¤hlt im Landkreis GÃ¶ppingen
ğŸ› CDU-Bundestagsabgeordneter
ğŸŒ¾ Vorsitzender des Ausschusses fÃ¼r ErnÃ¤hrung & Landwirtschaft",Politician
174,Holger Becker,dr_holger_becker,47443171495,1545,934,479,"ğŸ’»Bundestagsabgeordneter fÃ¼r #jena#sÃ¶mmerda
#weimarerland 
ğŸ¡OrtsteilbÃ¼rgermeister Jena-West 2013-24
ğŸŒ¹Sozialdemokrat
ğŸ’¼CSO bei @microfluidic_chipshop",Politician
175,Holger Mann,holgermannle,8037713889,1790,1571,639,"ğŸ’ª FÃ¼r Leipzigs Norden im Bundestag
ğŸŒ¹ Vorsitzender @spdleipzig",Politician
177,Ingeborg Gabriele GrÃ¤ÃŸle,inge.graessle,43445054097,1919,1432,700,"ğŸ› CDU-Bundestagsabgeordnete
ğŸ  Wahlkreis 269 Backnang - SchwÃ¤bisch GmÃ¼nd
ğŸ—‚ Haushalt; Bildung & Forschung",Politician
178,Ingmar Ludwig Jung,ingmarjung,2110422482,2718,1020,190,"Hessischer Minister fÃ¼r Landwirtschaft und Umwelt, Weinbau, Forsten, Jagd und Heimat. 
Privat und politisch hier.",
179,Ingo Bodtke,ingobodtke,3320869908,3083,3027,1707,"ğŸ› Bundestagsabgeordneter @fdpbt 
ğŸ‘©â€ğŸŒ¾ Ausschuss ErnÃ¤hrung & Landwirtschaft 
ğŸ’¼ Vorsitzender der AG fÃ¼r ErnÃ¤hrung und Landwirtschaft der @fdpbt",Politician
180,Ingo Peter Wellenreuther,ingowellenreuther,4588842641,1230,548,246,"ğŸ‘¤ Bundestagsabgeordneter fÃ¼r Karlsruhe von 2002 bis 2021
âš–ï¸ Vorsitzender Richter am Landgericht a.D.",Politician
181,Ingo SchÃ¤fer,ingo.schaefer.nrw,40045537389,1151,489,901,"ğŸš’ Feuerwehrmann 
ğŸ”´ Sozialdemokrat
ğŸ› Mitglied des Deutschen Bundestages
ğŸ“Remscheid, Solingen, W-Cronenberg & Ronsdorf",Politician
182,Ingrid Johanna Nestle,nestle.ingrid,47608975013,1413,350,399,"ğŸŒ Sprecherin fÃ¼r #Klima und #Energie @gruenebundestag
ğŸ“WK Steinburg-Dithmarschen-SÃ¼d
ğŸŒ»Co-Sprecherin der GrÃ¼nen Landesgruppe SH
ğŸ’¡Wirtschaftsingenieurin",Politician
183,Irene Mihalic,irene.mihalic,5480454651,3676,733,611,"MdB aus #Gelsenkirchen 
Erste Parlamentarische GeschÃ¤ftsfÃ¼hrerin @gruenebundestag #Innenpolitik4Life",Politician
184,Jakob Blankenburg,jakob.blankenburg,18075557,4760,495,400,"ğŸ‘‹ FÃ¼r LÃ¼chow-Dannenberg und LÃ¼neburg im Bundestag
ğŸŒ± Umwelt- und Nachhaltigkeit bei @spdbt
ğŸŒ¹ Landesvorstand @spdniedersachsen",Politician
185,Jan Korte,jankorte77,7122982261,10681,3597,1849,"Abgeordneter @dielinkebt, Mitglied des Kulturausschusses, Wahlkreis Anhalt. Schwerpunkt: Geschichtspolitik. Stellv. Vorsitzender @rosaluxstiftung.",Politician
187,Jan Metzler,jan.metzler,2344097858,4071,3110,617,"Rhoihesse â¤ï¸, WinzerğŸ·, Dipl.-Betriebswirt ğŸ“und Bundestagsabgeordneter ğŸ‡©ğŸ‡ª fÃ¼r Worms, Alzey-Worms sowie den sÃ¼dlichen Teil von Mainz-Bingen.",
188,Jana Schimke,janaschimke,5835512403,5050,452,599,,Politician
189,Jasmina Hostert,jasminahostert,262515737,6737,1749,755,"ğŸ›MdB fÃ¼r den Kreis BÃ¶blingen
ğŸ‘¨â€ğŸ‘©â€ğŸ‘§â€ğŸ‘¦ Familienausschuss
âš½ï¸ Sportausschuss
ğŸŒ¹stellv. Landesvorsitzende SPD BW
â¤ï¸Vorsitzende @spd.kreis.boeblingen",Politician
190,Jens Beeck,jensbeeck,6934713279,4922,944,1341,"ğŸ’› MdB fÃ¼r @fdpbt 
ğŸ™ï¸ Teilhabepolitischer Sprecher
ğŸ“ Wahlkreis 031: Mittelems
ğŸ’¼ Rechtsanwalt",Politician
191,Jens Brandenburg,jens.brandenburg,6983468385,4337,1321,228,"ğŸ“š Parlamentarischer StaatssekretÃ¤r bei der Bundesbildungsministerin
ğŸ’› Mitglied des Deutschen Bundestages @fdpbt 
ğŸ’¬ TB (TeamBrandenburg) & ich",Politician
193,Jens Peick,jenspeick,3840001183,2054,1270,319,"Mitglied des Bundestages - Wahlkreis Dortmund I
Sozi ğŸŒ¹ Ju Jutsu  ğŸ¥‹  Gitarrist  ğŸ¸",Politician
194,Jens Teutrine,jensteutrine,442654187,7446,809,302,"ğŸ› Bundestagsabgeordneter 
ğŸ—½ Freiheit, Marktwirtschaft & Aufstiegschancen
 ğŸ“£ liberale Sozial- & Pflegepolitik
ğŸ“Herford",Politician
195,Jens Zimmermann,jenszspd,233044406,3762,536,1702,SPD-Bundestagsabgeordneter fÃ¼r den Wahlkreis Odenwald 187 â€¢ Digitalpolitischer Sprecher der @spdbt â€¢ EuropÃ¤er ğŸ‡ªğŸ‡º,Politician
196,Jessica Nadine Tatti,jessica_tatti,8722728027,3352,237,395,"Bundestagsabgeordnete @buendnis_sahrawagenknecht 
Wahlkreis Reutlingen, Baden-WÃ¼rttemberg",Politician
197,Jessica Rosenthal,jessi_rosenthal,8617071587,11844,851,364,"ğŸŒ¹Bundestagsabgeordnete fÃ¼r Bonn @spd_bonn 
ğŸ‘©â€ğŸ’¼Lehrerin
âœŠWer nicht kÃ¤mpft, hat schon verloren",Politician
198,Joe Weingarten,joe_weingarten,29046658743,1467,881,379,"Mitglied des Deutschen Bundestag               Wahlkreisabgeordneter Bad Kreuznach / Birkenfeld ğŸ“
Hier postet das Team aus Berlin und dem Wahlkreis.",Politician
199,Johann Saathoff,j.saathoff,1645786336,6283,3324,2845,"Ehemann & Vater, Ostfriese, Sozialdemokrat
Direkt gewÃ¤hlter MdB fÃ¼r Aurich-Emden, Parl. StaatssekretÃ¤r b. d. Bundesministerin des Innern u. fÃ¼r Heimat",Politician
200,Johannes Arlt,johannes_arlt,3541272226,4276,2245,696,"ğŸ’¼ Offizier, EuropÃ¤er ğŸ‡ªğŸ‡º, Sozialdemokrat & ğŸ‘¬+ğŸ‘¶
ğŸ¯ Co-Vorsitzender @spd.mse
ğŸ¢ Mitglied des Bundestags (WK 17 #MSE /#LRO)
ğŸ“¯ info@johannesarlt-mv.de",Politician
201,Johannes Fechner,fechnerjohannes,9064623265,2858,2042,648,"ğŸ‡©ğŸ‡ªğŸ‡ªğŸ‡º SPD-Bundestagsabgeordneter - Emmendingen-Lahr - seit 2013 - 
Parlamentarischer GeschÃ¤ftsfÃ¼hrer der SPD-Fraktion. 
ğŸ›Motto: zuRecht in Berlin.",Politician
202,Johannes Schraps,johannes.schraps,4765086435,7717,7496,1484,"Bundestagsabgeordneter der SPD fÃ¼r das #weserbergland
Nachrichten bitte direkt an johannes.schraps@bundestag.de",Politician
203,Johannes Vogel,johannesvogel,268959986,16268,1511,1738,"ğŸ’› Stv. Bundesvorsitzender der @fdp 
ğŸ—½ 1. Parlamentarischer GeschÃ¤ftsfÃ¼hrer @fdpbt 
ğŸ“ Sauerland | Berlin",Politician
204,Johannes Wagner,hannes4future,43931601850,5506,1671,1077,"ğŸ› Gesundheitspolitiker im Bundestag 
ğŸš‘ Arzt und Kinderarzt in Weiterbildung 
ğŸŒ Klima, Gesundheit und FahrrÃ¤der",Politician
205,Josef Oster,josef_oster,4482287967,2580,594,2047,"ğŸ’¼ Abgeordneter @bundestag ğŸ‡©ğŸ‡ª
ğŸ“ Wahlkreis Koblenz
ğŸ›ï¸ Innenpolitiker & Obmann @cducsubt im Innenausschuss
ğŸ—£ï¸ Kreisvorsitzender @cdukoblenz",Politician
206,Josef Rief,josefrief,31345357793,1554,186,1029,"Landwirt ğŸ– & CDU-Bundestagsabgeordneter ğŸ‘¨ğŸ»â€ğŸ’¼
Haushaltsausschuss ğŸ’¶
FamilienausschussğŸ‘¨â€ğŸ‘©â€ğŸ‘§â€ğŸ‘¦",
207,Josip Juratovic,josip.mdb,36423729900,1489,295,625,"ğŸ”§ Unser #Arbeiter in Berlin 
âœŠğŸ» fÃ¼r Heilbronn im Bundestag seit 2005
ğŸ”´ Arbeit, Soziales & Europa
ğŸ—£ï¸ Sozialdemokrat @spdde",Politician
208,Julian Simon GrÃ¼nke,juliangruenke,285706609,843,430,109,"Dein liberaler Bundestagsabgeordneter fÃ¼r TÃ¼bingen-Hechingen!Â ğŸ’›ğŸš€
Mitglied im Umwelt- & BildungssauschussÂ ğŸŒ±ğŸ“",Politician
210,JÃ¶rn Harald KÃ¶nig,katharinakoenig,185534334,29038,1615,2146,"#Antifaschistin / Das Private ist politisch / dies & das / sitzt, laÌˆuft & steht auch mal fÃ¼r @die_linke_th im ThuÌˆringer Landtag / â¤ï¸ #antifa",Public figure
214,JÃ¼rgen Kretz,juergen.kretz,35128735388,1329,2281,377,Mitglied des @bundestag fÃ¼r den Wahlkreis Rhein-Neckar - @gruenebundestag @die_gruenen @gruenebw (er/ihm),Personal blog
215,JÃ¼rgen Lenders,juergenlenders,39237521453,1496,659,727,"Mitglied des Bundestages
Verkehrsausschuss âœˆï¸
Sprecher fÃ¼r LSBTI der @fdpbt ğŸŒˆ",Politician
216,Kai Gehring,kai.gehring,3164479101,7752,4283,2427,"Vorsitzender Ausschuss Bildung+Forschung
ğŸ§‘ğŸ»â€ğŸ”¬ğŸ”¬WissenschaftsfreiheitğŸ“šğŸ³â€ğŸŒˆChancen fÃ¼r alle @gruenebundestag EssenğŸŒ»Arbeiterkind im Bundestag
ğŸŒ83 Countries",Politician
217,Karamba Diaby,drkarambadiaby,5766863168,24253,858,1174,"MdB fÃ¼r #hallesaale #kabelsketal #petersberg #landsberg
ğŸ–‡ AuswÃ¤rtiger Ausschuss 
ğŸ–‡ Ausschuss fÃ¼r wirtschaftliche Zusammenarbeit und Entwicklung",
218,Karl BÃ¤r,karl.baer,8327497734,2110,311,488,"ğŸŒ»Mitglied des Deutschen Bundestags @gruenebundestag 
ğŸ“aus dem bayerischen Oberland
ğŸŒ±Obmann im Agrarausschuss 
FÃ¼r Umweltschutz in der Landwirtschaft",Politician
219,Karlheinz Busen,karlheinz.busen,5665186677,2486,178,38,"Mitglied des Deutschen Bundestages 
Sprecher fÃ¼r Jagd ğŸ— und Forst ğŸŒ² der @fdpbt",Politician
220,Karsten Hilse,karstenhilse,4750799282,2050,316,25,"Mitglied des Deutschen Bundestages 
Klimapolitischer Sprecher der AfD-Bundestagsfraktion",
221,Karsten Klein,klein.karsten,6030361852,3069,982,946,"ğŸ’› Bundestagsabgeordneter der FDP
ğŸ’¶ Obmann im Haushaltsausschuss
ğŸ›ï¸ Chef der @fdp_landesgruppe_bayern 
ğŸ˜ Stadtrat in Aschaffenburg",Politician
222,Kassem Taher Saleh,kassem.tahersaleh,1744650217,8675,951,625,"ğŸ‰ğŸ‘·â€â™‚ï¸Von der Baustelle in den Bundestag: 
Bau- & Wohnpolitiker, Dipl. Bauingenieur 
ğŸ—ï¸ Obmann im Bauausschuss Â 
ğŸŒ» FÃ¼r Dresden & Sachsen in Berlin",Politician
223,Kathrin Henneberger,kathrin.henneberger,10478498626,3994,819,1263,"FÃ¼r #Klimagerechtigkeit Abgeordnete im #Bundestag /Member of the German Parliament fighting for #ClimateJustice ğŸŒˆğŸ¦„ğŸ’š
âœ‰ kathrin.henneberger@bundestag.de",Politician
224,Katja Adler,katj_ad,1952937802,2052,956,678,"ğŸ“šAutorin â€Rolle rÃ¼ckwÃ¤rts DDR?â€œ 
Hessische Brandenburgerin, kritisch, liberal
Mitglied des Deutschen Bundestages 
Sport am liebsten in der Natur",Politician
225,Katja Hessel,hesselkatja,4921551640,2225,897,716,"Bundestagsabgeordnete ğŸ›ï¸
Parl. StaatssekretÃ¤rin beim Bundesminister der Finanzen ğŸ¦ 
Landesvorsitzende der @fdpbayern ğŸ’›
Wahlkreis NuÌˆrnberg ğŸ¥¨",Politician
226,Katja Keul,katjakeul,48975501605,2605,190,422,"Abgeordnete im Deutschen Bundestag
fÃ¼r den WK Nienburg II/Schaumburg @gruenebundestag ğŸŒ»ğŸ’šğŸ•Š
Staatsministerin im AuswÃ¤rtigen Amt @auswaertigesamt",Politician
227,Katrin Budde,katrin_budde,34134916588,1289,351,467,"Bundestagsabgeordnete
ğŸ­ Vorsitzende Ausschuss Kultur und Medien
ğŸ“ Wahlkreis 74: Landkreis Mansfeld-SÃ¼dharz und Teile des Saalekreises",Personal blog
228,Katrin Staffler,katrinstaffler.mdb,4529351889,3132,2114,1039,"ğŸ‡©ğŸ‡ª Bundestagsabgeordnete fÃ¼r FFB/DAH 
ğŸ¤ğŸ©µ Heimatliebe 
ğŸ’• Working-Mom
ğŸ”¬ Zukunft made in Germany",Politician
229,Kaweh Mansoori,kawehmansoori,9168223695,5778,355,773,"ğŸ‘¨ğŸ»â€ğŸ³ Hobbykoch aus Frankfurt
âš–ï¸ mag das Gesetz
ğŸ¦ stellv. MinisterprÃ¤sident Hessen
ğŸ”´ Vorsitzender @spd_hessen_sued",Politician
230,Kay Gottschalk,kay.gottschalk.mdb.111,8303609557,5212,279,1401,Stellv. Bundessprecher der AfD | Finanzpolitischer Sprecher der AfD-Fraktion im Deutschen Bundestag,Politician
231,Kerstin Griese,kerstingriese,5703417422,4514,2129,1475,"ğŸŒ¹ SPD-Bundestagsabgeordnete 
ğŸ¡ #Ratingen #Velbert #WÃ¼lfrath #Heiligenhaus
ğŸ§° Parlamentarische StaatssekretÃ¤rin @bmas_bund 
â›ªï¸ Mitglied Rat EKD",Politician
232,Kerstin Vieregge,kerstinvieregge,1742100551,2431,1178,1421,"ğŸ‡©ğŸ‡ª Im Bundestag fÃ¼r den Wahlkreis Lippe      
ğŸ›ï¸ Obfrau der @cducsubt im Verteidigungsausschuss",Politician
233,Kevin KÃ¼hnert,kuehnikev,4874333927,112973,1614,445,"FÃ¼r Tempelhof-SchÃ¶neberg im Bundestag
Ein â¤ï¸ fÃ¼r âš½ï¸ğŸ¤¾ğŸ»â€â™‚ï¸ğŸâ›°ğŸ—ğŸ³ï¸â€ğŸŒˆ",Politician
234,Kevin Leiser,kevinleiserhohenlohe,43884959834,1840,733,482,Aus SchwÃ¤bisch Hall - Hohenlohe fÃ¼r die SPD im Bundestag | Sicherheit ğŸ›¡ï¸ | LÃ¤ndliche RÃ¤ume ğŸï¸ | SozialdemokratieğŸŒ¹â¤ï¸,Politician
235,Klaus Mack,_klausmack_,38254517950,2966,710,1837,"ğŸ‡©ğŸ‡ªMitglied des Deutschen Bundestages, ğŸ™‹â€â™‚ï¸Vorsitzender Regionalverband Nordschwarzwald, ğŸŒ²Vorsitzender Forum Weisstanne e.V.",Politician
236,Klaus Wiener,klauswienercdu,47886667405,1017,226,731,"Euer CDU Bundestagsabgeordneter fÃ¼r Erkrath, Haan, Hilden, Langenfeld, Mettmann, Monheim ğŸ‘",Politician
238,Klaus-Peter Willsch,klauspeterwillsch,5337537527,3253,477,99,"Deine starke Stimme fÃ¼r unsere Heimat.
ğŸ—£ Klartextsprecher 
ğŸ’¼ Dipl.-Volkswirt
ğŸ‡©ğŸ‡ª MdB @cducsu
ğŸ˜ Rheingau-Taunus / Limburg 
#klarewerteklareworte",Public figure
239,Knut Gerschau,knut.gerschau,4797107978,1644,867,478,"ğŸ› Wirtschaftl. Zusammenarbeit & Entwicklung
ğŸ¥ Globale Gesundheit
ğŸ‡¦ğŸ‡« Enquete-Kommission Afghanistan
ğŸ“¢ Bildung, Bildung, Bildung! 
ğŸ“ Berlin | Hannover",Politician
240,Konstantin Elias Kuhle,konstantin.kuhle,230868928,22629,3236,1823,"ğŸ´ Vorsitzender @fdpnds 
ğŸ—³ FÃ¼r SÃ¼dniedersachsen im Bundestag
ğŸ› Stellv. Vorsitzender @fdpbt 
ğŸ“ GÃ¶ttingen/Hannover/Berlin",Politician
242,Kordula Anna Paula Schulz-Asche,schulzasche,4532689944,1540,436,368,"Link zur NDR Redezeit: https://www.ndr.de/nachrichten/info/epg/30-Jahre-Pflegeversicherung-Ist-das-System-am-Ende,sendung1437280.html",
243,Kristian Klinck,kristian_klinck_spd,47591760405,1407,308,497,"ğŸŒ¹ SPD-Bundestagsabgeordneter 
ğŸ›ï¸ Wahlkreis NeumÃ¼nster-PlÃ¶n 
ğŸ’¼ Lehrer & Hauptmann d.R.",Politician
244,Kristine LÃ¼tke,kristine_lutke,219933269,4168,1006,1352,"ğŸ›Abgeordnete @fdpbt
ğŸ¥¦Sprecherin Sucht- und Drogenpolitik
ğŸ¥Obfrau im Gesundheitsausschuss
ğŸ’›Schatzmeisterin @fdpbayern
ğŸ‘©ğŸ¼â€âš•ï¸Pflegeunternehmerin
ğŸ“Roth",Politician
245,Lamya Kaddor,lamyakaddor,8421097217,7058,456,1050,"Mitglied des Deutschen Bundestags fÃ¼r @gruenebundestag
Islam- & Erziehungswissenschaftlrn @uni_duisburg_essen
Lehrerin & Kolumnistin @tonline.de u.a.",Politician
246,Lars Castellucci,larscastellucci,1828548671,7028,2747,2309,"ğŸ’¡Fortschrittsoptimist #wirdgut
ğŸ¯ Wiesloch/Rhein-Neckar - Berlin
ğŸ› Stellv. Vorsitzender Innenausschuss
ğŸ“® Bundestagsabgeordneter @spdbt",Politician
247,Lars Klingbeil,larsklingbeil,21282900,79063,1963,2595,"ğŸ’» Bundestagsabgeordneter
ğŸ’¼ Parteivorsitzender der @spdde 
â¤ï¸ MusikğŸ§, FCBâš½ï¸, MunsterğŸ¡
ğŸ‘‡ Aktuelles:",
248,Lars Lindemann,lflindemann,50117113849,630,337,74,GeneralsekretÃ¤r @fdp_berlin | Oberst d.R. | EuropÃ¤er,Politician
249,Lars Rohwer,lars.rohwer.politik,48129305415,20264,955,1406,"#vollerEnergie & vernetzt im #Bundestag fÃ¼r den #Wahlkreis160 (Elbe, RÃ¶der & Dresdner Heide) mit Kultur, Natur und Lebensfreude. GlÃ¼ck auf, Sachsen! ğŸ€",Politician
250,Laura Manuela Kraft,laura.kraft.gruene,29612074769,1235,578,525,"ğŸ› Bundestagsabgeordnete fÃ¼r den Kreis Siegen-Wittgenstein @gruenebundestag
ğŸ‘©â€ğŸ”¬Obfrau im Ausschuss fÃ¼r Bildung, Forschung und TechnikfolgenabschÃ¤tzung",Politician
251,Lena Werner,thereallenzii,225125264,4853,2008,560,"Bundestagsabgeordnete im WK Eifel Mosel | SPDğŸŒ¹
Feministinâš§ | SwiftieğŸ«¶ğŸ» | WirtschaftğŸ§® | TourismusğŸ—º
#eifelkreisbitburgprÃ¼m | #vulkaneifel | #bkswil",Politician
252,Leon Eckert,leckert_,1929307396,2950,690,876,"ğŸŒˆ Mitglied des Deutschen Bundestages
ğŸ‘¨â€ğŸš’ Feuerwehrmann | @feuerwehreching
ğŸ’¼ 3. BÃ¼rgermeister | @eching.de
â˜”ï¸ Vorsitzender | @dkkv_germandrr",Politician
253,Lina Seitzl,lina_seitzl,501624001,3181,1739,805,"ğŸ“ Konstanz am Bodensee
 ğŸ“£ fÃ¼r den Landkreis Konstanz im Bundestag
ğŸ‘‰ stv. Ausschussvorsitzende fÃ¼r ğŸ“š&ğŸ‘©ğŸ»â€ğŸ”¬
ğŸ¤ KreisrÃ¤tin",Politician
254,Linda Heitmann,linda.altona,47149205712,2051,791,628,"MdB fÃ¼r Hamburg @gruene_altona ğŸŒ»
Sprecherin fÃ¼r Umwelt ğŸŒ±und Verbraucher*innenschutz ğŸ›’, Gesundheitspolitikerin ğŸ©ºLangstreckenlÃ¤uferin ğŸƒğŸ»â€â™€ï¸HH-SÃ¼lldorf ğŸ¡",Politician
255,Luise Amtsberg,amtsbergluise,4108991059,23756,2377,556,"Beauftragte der Bundesregierung fÃ¼r Menschenrechtspolitik und humanitÃ¤re Hilfe
Bundestagsabgeordnete aus #Kiel",Politician
256,Luiza Licina-Bode,luizalicinabode,7477373673,1265,572,581,"ğŸ“Œ Mitglied im Deutschen Bundestag fÃ¼r Siegen-Wittgenstein
ğŸ“Œ Mitglied im Rechtsausschuss
ğŸ“Œ Tatkraft fÃ¼r Siegen-WittgensteinğŸ’ª",Politician
257,Lukas Benner,benner_lukas,925215643,3920,818,287,"ğŸŒ» MdB fÃ¼r die StÃ¤dteRegion Aachen 
âš–ï¸ Progressive Rechtspolitik @gruenebundestag",Politician
261,Maja Scarlett Wallstein,maja_wallstein,43023710710,6192,2153,594,"Einblicke in den Alltag deiner SPD-Bundestagsabgeordneten fÃ¼r Cottbus/Spree-NeiÃŸe und FuÃŸballschiedsrichterin. â¤ï¸ & âš½ï¸ 
Unparteiisch/ nicht parteilos!",Politician
262,Malte Kaufmann,malte.kaufmann,4168951075,7408,1654,2914,"Verheiratet, 4 Kinder. Obmann der AfD-Bundestagsfraktion im Wirtschaftsausschuss. Vorsitzender AfD Heidelberg. Konservativ, christlich, freiheitlich.",Politician
263,Manuel Gava,manuelosna,6343402477,3524,2204,389,"ğŸ›ï¸+ğŸ‡ªğŸ‡ºğŸ‡©ğŸ‡ªğŸ‡®ğŸ‡¹+ğŸŒ¹+âš½ï¸ğŸ’œ+ğŸ»+ğŸ¥ŠğŸƒğŸ» Direkt gewÃ¤hlter Bundestagsabgeordneter fÃ¼r OsnabrÃ¼ck, Belm, GeorgsmarienhÃ¼tte, Hagen aTW, Hasbergen und Wallenhorst. #Ehrenjob",Politician
264,Manuel HÃ¶ferlin,manuelhoeferlin,198820012,2251,827,655,"MdBğŸ› 
Innenpolitischer Sprecher @fdpbt 
KÃ¤mpfer fÃ¼r Digitalisierung 
FamilienvaterğŸ‘¨â€ğŸ‘©â€ğŸ‘§ RheinhesseğŸ· IT-UnternehmerğŸ’» Hobby-ImkerğŸ SportpilotğŸš€",Politician
265,Marc Henrichmann,marc_henrichmann,272805177,1913,472,988,"Leidenschaftlicher MÃ¼nsterlÃ¤nder,
Mitglied des Deutschen Bundestages,
gewÃ¤hlt im WK 127 (Coesfeld-Steinfurt II),
Mitglied im Innenausschuss und PKGr.",Politician
266,Marcel Emmerich,herr_emmerich,39496418,2834,1323,974,"ğŸ› Mitglied des Bundestags fÃ¼r Ulm & Alb-Donau. Obmann im Innenausschuss.
ğŸŒ» Parteirat @gruenebw
âš½ï¸ @vfb @ssvulmfussball 
ğŸ€ @ratiopharmulm",Politician
267,Marco Buschmann,marcobuschmann,252138922,28743,3012,2301,"âš–ï¸ Bundesminister der Justiz
ğŸ› Mitglied des Deutschen Bundestags
ğŸŸ¡ Freier Demokrat
ğŸ“Berlin und Gelsenkirchen 
#vielzutun",Public figure
269,Maria-Lena Weiss,marialenaweiss,3613905810,2097,991,762,"ğŸ› Bundestagsabgeordnete fÃ¼r Rottweil-Tuttlingen
âš¡ Klima und Energie
âš–ï¸ RechtsanwÃ¤ltin
ğŸ‘§ Mama von Paula, Clara und Elisa
ğŸ‘‡ Mein WhatsApp Channel",Politician
270,Marie-Agnes Strack-Zimmermann,strackzimmermann,4131419620,61017,661,1196,Europaabgeordnete (MdEP) ğŸ‡ªğŸ‡º | Mitglied im FDP-PrÃ¤sidium | Vorsitzende Verteidigungsausschuss @euparlament | BÃ¼rgermeisterin a.D. | Bikerin ğŸï¸,Politician
271,Mario Brandenburg,mario.brandenburg,4201930374,3692,1648,1061,"ğŸ‡©ğŸ‡ª Mitglied des Deutschen Bundestages
ğŸ’¡ Parlamentarischer StaatssekretÃ¤r @bmbf.bund 
ğŸ’ª FDP 
ğŸ¤– ITNerd &ğŸ·Pfalzkind ğŸ›ï¸ Techno",
272,Mario Czaja,mario_czaja,10857051384,8281,768,817,"ğŸ¡ Im @bundestag fÃ¼r #Biesdorf, #Hellersdorf, #Kaulsdorf, #Mahlsdorf & #Marzahn, Senator a.D. in #Berlin  ğŸ¥ PrÃ¤sident des @drk_berlin",Politician
273,Mark Helfrich,mark.helfrich.cdu,26285105508,1191,194,289,"Ihr Bundestagsabgeordneter fÃ¼r Steinburg, Dithmarschen SÃ¼d und Bad Bramstedt.",Politician
274,Markus GrÃ¼bel,markus.gruebel,10850869066,1138,214,382,Abgeordneter des Deutschen Bundestages (Wahlkreis Esslingen),Politician
275,Markus Reichel,markus.reichel.cdu,45469466471,1799,634,1123,"ğŸ’› FÃ¼r Dresden im Bundestag @cducsubt
ğŸ§‘â€ğŸ’» Arbeit & Soziales, Digitales
ğŸ§® 20J. Unternehmer, Mathematiker, 5 Kids
ğŸ¥‹ AikidÅ, 3 schwarze GÃ¼rtel",Politician
276,Marlene Edeltraud SchÃ¶nberger,lime_green_leni,500328055,6449,2491,1199,"ğŸ“FÃ¼r Niederbayern im Bundestag
âŒ AntisemitismusbekÃ¤mpfung
âœ¡ï¸ FÃ¶rderung jÃ¼dischen Lebens
ğŸ“š Politische Bildung",Personal blog
277,Marlon BrÃ¶hr,marlonbroehr,22028114903,2362,306,301,"ğŸ› Bundestagsabgeordneter des Wahlkreises Mosel/Rhein-HunsrÃ¼ck 
ğŸ”·ï¸ Mitglied des Verteidigungs- und Petitionsausschusses
@cdu",Politician
278,Martin Diedenhofen,martindiedenhofen,4025541065,4378,1779,569,"Bundestagsabgeordneter @spdbt | 
Wahlkreis Neuwied/Altenkirchen ğŸ¤
ğŸ‡©ğŸ‡ªğŸ‡ªğŸ‡º",Politician
279,Martin Plum,martin.plum.cdu,48065931382,1442,491,826,"ğŸ“ MdB fÃ¼r den @kreis_viersen 
ğŸ‘¨â€ğŸ‘©â€ğŸ‘§â€ğŸ‘¦ Familienpapa
ğŸŒ³ Niederrheiner
ğŸ‘¨â€ğŸ³ Hobbykoch",Politician
280,Martin Reichardt,martin.reichardt.afd,7377193511,11457,689,1540,"Mitglied des Bundestages
Familienpolitischen Sprecher
der @afdimbundestag
Landesvorsitzender der @afd_lsa
Mitglied des Bundesvorstands der @afd.bund",Politician
281,Martin Rosemann,rosemannm,4087299859,1649,446,1038,SPD Bundestagsabgeordneter fuÌˆr den Wahlkreis TuÌˆbingen-Hechingen,
282,Matthias Gastel,gastelmatthias,9900536627,4407,3542,1162,"Mitglied des Bundestages, Mitglied im Verkehrsausschuss und im Tourismusausschuss, Schwerpunkt Bahn BÃ¼ndnis 90/Die GrÃ¼nen
Anfragen bitte per Mail!",
283,Matthias Hauer,matthias.hauer.mdb,8723985455,3270,1511,880,Bundestagsabgeordneter ğŸ‡©ğŸ‡ª | Direktmandat ğŸ—³ | Essen ğŸ˜ und Ruhrgebiet ğŸ™ | Finanzen ğŸ’¶ und Digitales ğŸ‘¨ğŸ¼â€ğŸ’» | Anwalt âš–ï¸ | gegen Extremismus ğŸ”,Politician
284,Matthias Helferich,matthiashelferichafd,13275413417,6652,574,1266,"Populist, 36, Dortmund",Politician
285,Matthias Miersch,matthiasmiersch,22733844868,8108,1001,889,"ğŸŒ¹  Sozialdemokrat
ğŸ’¼  GeneralsekretÃ¤r @spdde
ğŸ« Schulprojekt: How to: be united",Politician
286,Max Lucks,max_lks,922489179,51609,3679,1245,Bundestagsabgeordneter fÃ¼r @bochum_de | AuÃŸenpolitik und Menschenrechtspolitik fÃ¼r @gruenebundestag,Politician
287,Maximilian Mordhorst,maximilianmordhorst,179870058,3994,597,429,"Bundestagsabgeordneter aus Kiel
â€¢ Finanzen, Digitales & Start-Ups ğŸš€
â€¢ Stellv. Vorsitz Junge Gruppe @fdpbt ğŸ¤³
â€¢ Vorstand @fdp_sh âœŒğŸ½",Politician
288,Maximilian Rick MÃ¶rseburg,0711max,206452944,4076,2904,537,"Mitglied des Deutschen Bundestages @cdu 
ğŸ“direkt gewÃ¤hlt in Stuttgart
ğŸŒInternationales @junge_union",
289,Mechthild Heil,mechthild_heil,3209297739,2413,638,1628,ğŸ‡©ğŸ‡ª Bundestagsabgeordnete â¤ï¸ Dipl.-Ing. Architektin ğŸ‘©ğŸ»â€ğŸ’¼Vors. Gruppe der Frauen @cducsubt ğŸ‘©â€ğŸ‘©â€ğŸ‘§â€ğŸ‘§ Vors. @kfd_bundesverband,Politician
290,Mechthilde Wittmann,mechthilde.wittmann,8534611905,2304,785,1079,"Mitglied @bundestag
Wahlkreis: Kempten | Lindau | OberallgÃ¤u
â€¢Innenpolitische Sprecherin der CSU
â€¢Finanzausschuss
â€¢Ausschuss fÃ¼r Inneres und Heimat",Politician
292,Melanie Wegling,melanie.wegling,7792028616,1558,421,554,"ğŸ›ï¸Bundestagsabgeordnete fÃ¼r den Kreis GroÃŸ-Gerau
ğŸ—ï¸ Genossenschaftsbeauftragte @spdbt
ğŸŒ¹Sozialdemokratin @spdde
ğŸ‘£ Mutter
â›©ï¸ Sinologin",Politician
293,Melis Sekmen,melis_sekmen,3875262222,5438,711,662,"ğŸ’™ğŸ–¤ WaldhÃ¶ferin
Bundestagsabgeordnete fÃ¼r Mannheim @cducsubt 
ğŸš€ Start-ups | ğŸ¥ Health Economy | âš™ï¸ Mittelstand
ğŸš£ğŸ»â€â™€ Rudern",Politician
294,Merle Spellerberg,merle_spellerberg,18372019851,4911,1359,470,"Mitglied des Deutschen Bundestags
@gruenebundestag 
Sicherheit â€¢ Feminismus â€¢ AbrÃ¼stung â€¢ Demokratie
ğŸ“Dresden/Sachsen",Politician
295,Metin Hakverdi,metin.hakverdi,4465356373,3287,1447,1412,âš“ï¸Hamburg Bergedorf/Harburg/Wilhelmsburg - MdB - ğŸ‡ªğŸ‡º Europa - ğŸ’¶ Haushalt - USA - THW,
296,Michael Alexander Theurer,michael_theurer,5573938361,4683,631,1208,"Familienvater, Vorstand @deutsche.bundesbank",Politician
297,Michael Breilmann,mbreilmann,5823390262,2062,4901,1277,"Fraktionsvorsitzender der CDU Castrop-Rauxel. Mitglied des Deutschen Bundestages fÃ¼r die StÃ¤dte Recklinghausen, Castrop-Rauxel und Waltrop.",
298,Michael Eckardt Thews,michaelthews,5768484208,2251,733,1962,"SPD-Bundestagsabgeordneter @spdbt fÃ¼r Hamm, LÃ¼nen, Selm, Werne | Haushaltsausschuss | Umweltausschuss | #thewsdirekt",Politician
299,Michael Frieser,michael_frieser,4212312912,4464,775,1683,#MdB #Bundestagsabgeordneter und Justiziar der @cducsubt aus #Nuernberg #Franken #Bayern,Public figure
300,Michael Georg Link,michael_g_link,49153416090,1538,202,188,"ğŸš€ Stellv. Fraktionsvorsitzender @fdpbt 
ğŸ‡ºğŸ‡¸ğŸ‡¨ğŸ‡¦ Transatlantischer Koordinator @auswaertigesamt 
ğŸ’› Bundesvorstand @fdp",Politician
301,Michael Georg Schrodi,michaelschrodi,4754268831,2664,479,1242,ğŸ’¶ Finanzpolitischer Sprecher der @spdbt                   ğŸ› MdB fÃ¼r Dachau & FÃ¼rstenfeldbruck                   âœŠğŸ¼Sprecher AG Verteilungsgerechtigkeit,Politician
302,Michael Gerdes,michaelgerdesmdb,47620833118,1027,54,237,"ğŸ›ï¸ SPD-Bundestagsabgeordneter fÃ¼r #bottrop, #gladbeck und #dorsten
ğŸ–¤â¤ï¸ Bergmann & Familienmensch
ğŸ‘¨â€ğŸ‘©â€ğŸ‘§â€ğŸ‘¦ Arbeit, Soziales, Familie, Bildung, Kommunen",Politician
303,Michael Grosse-BrÃ¶mer,michaelgrossebroemer,9268042345,2764,273,430,MdB (MP) - @cducsubt - Vors. Wirtschaftsausschuss des Deutschen Bundestages - Rechtsanwalt und Notar a.D. - #nurderHSV - Waidmann ğŸ“¯,
306,Michael Karl Brand,mensch_brand,11786525718,2231,54,1061,"Mensch, WeltbÃ¼rger, Lokalpatriot, MdB",
307,Michael Kellner,mi.kellner,17678102370,8665,395,855,"MdB fÃ¼r Uckermark, Barnim & Brandenburg, parl. Sts BMWK und Mittelstandsbeauftragter der Bundesregierung, der hier in eigener Sache postet. Impressum:",Politician
308,Michael Kruse,michael.kruse.75,1531675293,3438,1773,1008,"ğŸ› Energiepolitik & HÃ¤fen @fdpbt 
ğŸ’› @fdp_hamburg
ğŸ—½ Bundesvorstand @fdp
ğŸ–¤ğŸ¤ğŸ’™ #nurderhsv
ğŸ’» Biostats
ğŸ¥ FranzbrÃ¶tchenliebe
ğŸ• Dogs ğŸ˜
âš“ï¸/ğŸ» Hamburg/Berlin",Politician
309,Michael Roth,michael.roth.mdb,8131775858,17944,2343,755,"MdB seit 98 â€¢ Chef AuswÃ¤rtiger Ausschuss 
â¤ï¸ ğŸ‡ªğŸ‡ºğŸ‡ºğŸ‡¦ğŸ‡®ğŸ‡±ğŸ‡¬ğŸ‡ª 
#Osteuropa #Westbalkan #freiheitsliebend #Sozi #Kaffee #BrotbÃ¤cker #Bergwanderer #Optimist",Politician
311,Monika GrÃ¼tters,monikagruetters.cdu,57156206399,1155,412,269,"Mitglied des Deutschen Bundestages 
Wahlkreisabgeordnete fÃ¼r Berlin-Reinickendorf
Staatsministerin fÃ¼r Kultur und Medien a.D.",Politician
312,Muhanad Al-Halak,al_halak_m,2358492291,23273,687,533,"ğŸ› FDP-Bundestagsabgeordneter
ğŸ”± Aquaman der @fdpbt
ğŸ‘¨ğŸ»â€ğŸ’¼ FDP-Kreisvorsitzender
âš–ï¸ Kreisrat Freyung-Grafenau
âš”ï¸ Stadtrat Grafenau
ğŸ—³ Wahlkreis Deggendorf",Politician
313,Nadine Ruf,ruf_nadine_ruf,4484052998,1457,3523,676,"- Mom of a #girlgang ğŸ’– 
- Bundestagsabgeordnete fÃ¼r Wiesbaden (SPD)
- Ich mag Gerechtigkeit, offene Menschen und den weltbesten Ehemann",Politician
315,Nadja Sthamer,nadja_sthamer,3589700902,3564,1086,598,"ğŸš€ Bundestagsabgeordnete fÃ¼r den Leipziger SÃ¼den @spdbt 
â¤ï¸âœŠ @jusosleipzig und @spdleipzig",Politician
316,Natalie Pawlik,natalie.pawlik,2219440142,7124,4248,792,"ğŸ“Deine Bundestagsabgeordnete fÃ¼r die Wetterau
ğŸ›Beauftragte der Bundesregierung fÃ¼r Aussiedlerfragen und nationale Minderheiten
ğŸŒ¹Sozialdemokratin",Politician
317,Nico Tippelt,nicotippelt,2461627846,3171,4889,692,"Obmann u. Sprecher Tourismus @fdpbt ğŸŒ´
PrÃ¤sident Kunstverein Art Gluchowe ğŸ¨
#standwithukraine #israel â¤ï¸
Hier kommentieren mein Team (TNT) und ich ğŸ’›",Personal blog
318,Nicolas Benjamin Zippelius,n_zippelius,3112669315,3132,804,463,"ğŸ› Direkt gewÃ¤hlter Bundestagsabgeordneter fÃ¼r Karlsruhe-Land â¤ï¸ #vonhierfÃ¼reuch 
âœï¸ AuÃŸen und Digitales
ğŸ«¶ @cducsubt 
âš½ @fvgg_weingarten / @scfreiburg",Politician
320,Nicole HÃ¶chst,hoechstnicole,8375257769,21243,1510,3939,"Mutter von 4 Kindern
Regierungsschuldirektorin a.D.
Deutsch, Englisch, FranzÃ¶sisch, Italienisch
AfD Politikerin aus Berufung und mit Leidenschaft",
321,Niels Annen,nielsannen,4196974054,5614,960,2148,MdB. Hamburg-EimsbÃ¼ttel. Parlamentarischer StaatssekretÃ¤r bei der BMin fÃ¼r wirtschaftliche Zusammenarbeit und Entwicklung. Hier privat.,
322,Niklas Wagener,niklaswagener,7570938371,2113,1563,295,"MdB aus Aschaffenburg/Unterfranken/Bayern ğŸ’š
Stadtrat ğŸŒ» FÃ¼r den Wald in Berlin ğŸŒ³
Ausschuss fÃ¼r ErnÃ¤hrung und Landwirtschaft & Verteidigungsausschuss.",Politician
323,Nina Scheer,ninascheer_spd,44929456859,1587,175,462,SPD-Bundestagsabgeordnete fÃ¼r Herzogtum Lauenburg/Stormarn-SÃ¼d - Sprecherin fÃ¼r Klimaschutz und Energie der @spdbt,Politician
324,Nina Stahr,nina.stahr,25604897550,3342,1129,719,Landesvorsitzende von @gruene_berlin,Politician
325,Norbert KleinwÃ¤chter,norbert.kleinwaechter,6323086460,4232,119,1505,"Norbert KleinwÃ¤chter, 
Mitglied der AfD-Fraktion des 20. Deutschen Bundestags.
Mitglied des Ausschusses ""EuropÃ¤ische Union""",
326,Olaf Scholz,bundeskanzler,50513856245,1994570,107,1079,"Bundeskanzler der Bundesrepublik Deutschland. EuropÃ¤er. Demokrat. 
FÃ¼r #Respekt und eine starke #Demokratie. 
Federal Chancellor of Germany",Government Official
327,Olaf Scholz,olafscholz,29734347,234287,532,1467,"ğŸ“ŒBundestagsabgeordneter im Wahlkreis 61 
ğŸ“ŒSozialdemokrat @spdde 
ğŸ“Œ@bundeskanzler",Politician
328,Oliver Kaczmarek,kaczmarekoliver,22430167,2202,802,705,"ğŸ› Bundestagsabgeordneter  im Wahlkreis Unna I 
ğŸŒ¹ Sozialdemokrat
ğŸ“Œ Kamener
ğŸ’ Wanderfreund mit Rotem Rucksack",Education
329,Oliver Klaus Grundmann,mdb.oliver.grundmann,48727924318,894,159,129,"ğŸ¤ Ihr Bundestagsabgeordneter
ğŸ‘‰ Seit 2013 Mitglied des Deutschen Bundestages
ğŸ¯ Wahlkreis Stade I â€“ Rotenburg II",Politician
330,Oliver Krischer,oliver_krischer,5489120720,7451,360,228,"GrÃ¼ner Minister fÃ¼r Umwelt, Naturschutz und Verkehr in NRW ğŸŒ»",Politician
331,Oliver Luksic,olliluksic,3069325254,9995,6857,2160,"Parlament. StaatssekretÃ¤r @bmdv Aufsichtsratsvorsitzender @autobahn_bund
LavoSi @fdp_saar MdB @fdpbt 
ğŸ¥˜ Foodlover â˜•ï¸ addict ğŸ’› @fckoeln",Personal blog
332,Oliver Vogt,olivervogt.de,13150127203,3089,535,833,ğŸ‡©ğŸ‡ª CDU-Bundestagsabgeordneter aus dem Kreis Minden-LÃ¼bbecke ğŸ“² Die Storys pflegt mein Team,Politician
333,Omid Nouripour,nouripour,317118428,41369,112,2582,"Bundesvorsitzender von @die_gruenen
FÃ¼r Frankfurt im Bundestag, fÃ¼r Frieden und Eintracht international, Ø¢Ø²Ø§Ø¯Ù‰",Politician
334,Ottilie Paola Klein,ottilie.klein,11182021752,4194,1033,1156,"Mit Herz. FÃ¼r Berlin. ğŸ§¡
Mitglied des Deutschen Bundestages                                        GeneralsekretÃ¤rin der @cduberlin",Politician
335,Ottmar Wilhelm Holtz,owvonholtz,5518550895,1326,580,202,"Mitglied des Bundestages @gruenebundestag @gruene_hildesheim
#entwicklungspolitik #afrika
Ãœberzeugt von der Wirkung der UN-Nachhaltigkeitsziele #sdg",Politician
336,Otto Fricke,otto_fricke,10881510208,5084,506,414,"ğŸ’›Freiheitsfreund
ğŸš€Haushaltspolitischer Sprecher der FDP-Bundestagsfraktion
ğŸŒWahlkreis Krefeld I & Neuss II
ğŸ‘‡ğŸ‘‡ğŸ‘‡ğŸ‘‡ğŸ‘‡ğŸ‘‡ğŸ‘‡ğŸ‘‡ğŸ‘‡ğŸ‘‡ğŸ‘‡ğŸ‘‡ğŸ‘‡ğŸ‘‡ğŸ‘‡",Politician
337,Parsa Marvi,parsa.marvi,3237892266,2088,742,849,"Abgeordneter @spdbt fÃ¼r Karlsruhe ğŸ‡©ğŸ‡ªğŸ‡ªğŸ‡º 
Stellv. Vorsitzender @spd_bawue 
https://www.spdfraktion.de/system/files/documents/position-ki-leitlinien.pdf",Politician
338,Pascal Felix Ernst Kober,pascalkober,636050983,4687,1602,528,"MdB | FDP | Sprecher Arbeit & Soziales | Bundesopferbeauftragter I Wahlkreis Reutlingen | MilitÃ¤rseelsorger | Reservist |
ğŸ—| ğŸª‚ |ğŸƒğŸ¼â€â™‚ï¸| ğŸ´",
339,Pascal Meiser,pascal.meiser.36,9841082681,2288,153,1199,Alternder FuÃŸballer ğŸ”º Gewerkschafter ğŸ”º Mitglied des Deutschen Bundestags 2017-2024 ğŸ”º DIE LINKE ğŸ”º Wahlkreis F'hain-Kreuzberg-Prenzlauer Berg Ost,Politician
340,Patricia Lips,patricia.lips.mdb,47731082111,1246,475,390,"Bundestagsabgeordnete fÃ¼r den WK187
Stellv. Fraktionsvorsitzende der @cducsubt fÃ¼r die Themen Europa und Menschenrechte",
341,Patrick Schnieder,pschnieder,1432721043,4428,1664,3222,"ğŸ”¹ MdB fÃ¼r den Wahlkreis 202 Bitburg
ğŸ”¹ Parlamentarischer GeschÃ¤ftsfÃ¼hrer der @cducsubt
ğŸ”¹ mehr Infos hier â¬‡ï¸",Politician
342,Paul Ziemiak,paulziemiak,4922315017,32154,1096,1865,"ğŸ› Mitglied des Deutschen Bundestages
ğŸ™ï¸ GeneralsekretÃ¤r @cdunrw 
ğŸ¡ Iserlohner",Politician
343,Peggy Schierenbeck,peggy.ist.da,41919263431,1767,915,1285,"ğŸŒ¹ MdB der @spdbt fÃ¼r Diepholz - Nienburg I
ğŸ™‹ğŸ¼â€â™€ï¸ FÃ¼r Dich im Ausschuss ErnÃ¤hrung und Landwirtschaft & Ausschuss fÃ¼r Inneres und Heimat",Politician
344,Peter Aumer,pete_aum,1417270425,3711,3931,1494,"Mitglied des Deutschen Bundestages
ğŸ“Regensburg
#hoertzupacktan #hartnaeckigdranbleiben",
345,Peter Beyer,peterbeyerbundestag,3694961988,3222,1595,950,"Mitglied des Deutschen Bundestages @cducsubt
#Transatlantik-Koordinator der Bundesregierung (2018-2022)
Obmann i. d. #Enquete-Kommission #Afghanistan",
346,Peter Felser,peter_felser,38552528656,3072,129,337,"Mitglied des Deutschen Bundestages
ğŸ”µ AfD | ğŸ“OberallgÃ¤u-Kempten-Lindau
Mitglied im Ausschuss fÃ¼r ErnÃ¤hrung und Landwirtschaft ğŸŒ¾",Politician
347,Peter Heidt,advocatopeter,1138650019,2225,1470,1295,"ğŸ’¼ Mitglied des Deutschen Bundestages 
ğŸŒ Menschenrechtspolitischer Sprecher @fdpbt 
ğŸ”— Kreistagsabgeordneter #Wetterau
ğŸŒ‡ Stadtverordneter #BadNauheim",Politician
348,Petr Bystron,petr.bystron,7528766628,17063,173,1256,AuÃŸenpolitischer Sprecher & Obmann im AuswÃ¤rtigen Ausschuss ğŸ‡©ğŸ‡ª  â¬ï¸Telegramâ¬ï¸,Politician
349,Petra Angelika Pau,petra.pau.direkt,11079550803,3263,659,653,"MdB fÃ¼r @dielinke & VizeprÃ¤sidentin des Bundestages
â¤ï¸ Marzahn-Hellersdorf
âœŠBÃ¼rgerrechte, Demokratie & Religionsfreiheit
ğŸš« Antisemitismus & Rassismus",Politician
350,Petra Nicolaisen,nicolaisenpetra,12832694114,1861,1836,331,"ğŸ‘‰ HÃ¤nde in der Erde, statt Kopf in den Wolken.
ğŸ¦¸ğŸ¼â€â™€ï¸ Mutter, Oma & Hundemama
ğŸ‡©ğŸ‡ª MdB   |   CDU ğŸ–¤
ğŸ“ FL & SL-FL ğŸ”µâšªï¸ğŸ”´
ğŸš¨ Inneres, Kommunales & Blaulicht",Politician
351,Petra Sitte,petra_sitte_mdb,3113830555,1515,246,521,"Sprecherin fÃ¼r Forschungs-, Technologie- und Innovationspolitik der LINKEN im Bundestag",
352,Philip KrÃ¤mer,philip.kraemer,4847336781,2492,1000,214,Mitglied des Bundestages fÃ¼r SÃ¼dhessen @gruenebundestag | Stv. Vorsitzender Sportausschuss | Verteidigungsausschuss | Enquete-Kommission Afghanistan,Politician
353,Philipp Amthor,philipp.amthor,5370294456,115484,830,664,Mitglied des Deutschen Bundestages (CDU),Politician
355,Rainer Johannes Keller,rainerkeller1965,8054996456,829,727,314,Bundestagsabgeordneter der SPD fÃ¼r den Wahlkreis Wesel I. #denganzenwahlkreisimblick #kreiswesel  #vollereinsatz #ausrespekt #sozialepolitikfÃ¼rdich,Politician
356,Rainer Semet,rainersemet,35651015632,1176,458,515,"ğŸ› MdB der @fdp ausğŸ“Pforzheim/Enzkreis
ğŸ— Bauen und Wohnen (Obmann) &
ğŸ—º AuswÃ¤rtiges fÃ¼r die @fdpbt 
ğŸ“£ Vorsitzender der @fdppforzheim",Politician
357,Ralf Stegner,stegner_smiles,13067878195,4283,635,2292,"ğŸ’¼ MdB fÃ¼r Pinneberg
âœŠ SPD
â¤ï¸ schlÃ¤gt links
ğŸ™Ohne Plastiksprache
ğŸ“SH
ğŸ“º Tatort
â™¦ï¸ Skat
âš½ï¸ HSV
ğŸ“¸ Photothek",Politician
358,Ralph Brinkhaus,ralph_brinkhaus,5744318557,13622,938,676,"â¡ï¸ Mitglied des Deutschen Bundestags
â¡ï¸ Mitglied der @cducsubt 
â¡ï¸ Abgeordneter fÃ¼r den Wahlkreis GÃ¼tersloh I
â¡ï¸ Die Stories pflegt mein Team (TB)",Politician
359,Ralph EdelhÃ¤uÃŸer,ralph_edelhaeusser,6123656421,4361,4246,1531,"Direkt gewÃ¤hlter Bundestagsabgeordneter fÃ¼r Roth und das NÃ¼rnberger Land
Erster BÃ¼rgermeister a. D. der Stadt Roth
Transparent â®Kompetent â®BÃ¼rgernah",Politician
360,Ralph Lenkert,ralph.lenkert,31609788115,1212,604,321,"#abgeordneter im #bundestag, Sprecher fÃ¼r #Umwelt, #Energie und #Klimapolitik der @linksfraktion und fÃ¼r die @dielinkejena im #stadtrat von #jena",Politician
361,Rasha Nasr,rasha_nasr,253480384,38915,2824,718,"Bundestagsabgeordnete fÃ¼r Dresden â™¥ï¸ @spdbt 
Co-Vorsitzende @spddresden mit @albrechtpallas ğŸ«±ğŸ½â€ğŸ«²ğŸ¼
Anfragen bitte per Mail rasha.nasr@bundestag.de âœŒï¸",Politician
363,Rebecca Schamber,rebecca.schamber.spd,46431575279,1998,892,918,"ğŸ‘©ğŸ¼â€ğŸ’¼ Bundestagsabgeordnete 
ğŸŒ¹ Sozialdemokratin
ğŸ“ Neustadt am RÃ¼benberge",Politician
364,Reem Alabali-Radovan,reem.alabaliradovan,10869377976,16092,1000,363,"ğŸ™‹ğŸ»â€â™€ï¸ Bundestagsabgeordnete
ğŸ¡ Schwerin & Westmecklenburg 
ğŸ›@integrationsbeauftragte & 
Antirassismus-Beauftragte
ğŸŒ¹ Sozialdemokratin",Politician
365,Reinhard Arnold Houben,reinhardhouben,4626002170,2451,596,536,"ğŸ’¼: Mitglied des Deutschen Bundestags 
ğŸš€: Wirtschaftspolitischer Sprecher der @fdpbt.
ğŸ“: KÃ¶ln/Berlin",Politician
366,Reinhard Brandl,reinhard.brandl,3669524284,5647,2879,517,"MdB ğŸ¤Mit vollem Einsatz @cducsubt 
ğŸ“Wahlkreis Ingolstadt
ğŸª–Verteidigung
ğŸ“±Digitales",Politician
367,Renata Alt,renataalt_mdb,5935145865,2769,323,1096,"ğŸ™‹ğŸ¼â€â™€ï¸ FDP-Bundestagsabgeordnete fÃ¼r WK 262 NÃ¼rtingen
ğŸŒ Vorsitzende des Ausschusses fÃ¼r Menschenrechte & humanitÃ¤re Hilfe
ğŸ•Š Twitter @RenataAlt_MdB",
368,Renate Elly KÃ¼nast,renatekuenast,40936538790,6467,576,561,"Feministin, Foodie, GÃ¤rtnerin, AnwÃ¤ltin, Sozialarbeiterin, MdB bei @gruenebundestag",Politician
369,Ricarda Lang,ricardalang,1999401021,79351,2208,1607,Bundesvorsitzende von @die_gruenen,Politician
375,Robin Mesarosch,mesarosch,469432169,38252,1191,769,"Bundestagsabgeordneter fÃ¼r uns in Balingen, Albstadt, Sigmaringen, Bad Saulgau und fÃ¼r alle drumrum. Von der SPD. Ehrlicher HÃ¤ndedruck, offene Ohren.",Politician
376,Robin Till Nils Johannes Wagener,robin_wagener,5613589264,2889,835,743,"AuÃŸenpolitiker @gruenebundestag ğŸŒ» 
Koordinator @auswaertigesamt ğŸŒ 
Lokalpolitiker @gruenelippe ğŸŒ¹ 
EuropÃ¤er ğŸ‡ªğŸ‡º  Jurist Â§  Christ âœï¸  Karateka ğŸ¥‹",Politician
377,Ruppert Fritz Johannes StÃ¼we,stueweru,2337372633,2218,690,781,"Bundestagsabgeordneter
ğŸš© Kreisvorsitzender der @spd_steglitzzehlendorf 
ğŸ“šğŸ”¬ ğŸ“ğŸª„ Ausschuss fÃ¼r Bildung+Forschung
ğŸš‡ğŸš‹ğŸš²ğŸ›¹ MobilitÃ¤t der Zukunft",Politician
379,Sabine Poschmann,poschmannsabine,7114398833,2250,394,944,"â¤ï¸ FÃ¼r Dich. FÃ¼r Dortmund.
ğŸ›ï¸ SPD-Bundestagsabgeordnete 
ğŸƒâ€â™€ï¸ Sportpolitische Sprecherin der @spdbt",Politician
380,Sahra Wagenknecht,bsw.bund,62483301242,53270,18,362,"Offizieller Account des #BSW
UnterstÃ¼tze uns mit einer Spende fÃ¼r eine bessere Politik!ğŸ‘‡ğŸ¼",Political Organization
381,Sahra Wagenknecht,sahra_wagenknecht,5730916706,264091,30,889,,Politician
382,Saliha Aydan Ã–zoÄŸuz,aydanoezoguz,4742614883,9215,1008,1229,Hamburg ist meine Heimat - BundestagsvizeprÃ¤sidentin - Wahlkreis Hamburg-Wandsbek - AuÃŸenpolitik und immer der Zusammenhalt unserer Gesellschaft - SPD,Politician
383,Sanae Abdi,sanae_ccaa,25852744758,3858,963,466,"ğŸŒ¹ Sozialdemokratin
ğŸ™‹ğŸ½â€â™€ï¸ Mitglied des Deutschen Bundestages
ğŸ—£ Entwicklungspolitische Sprecherin der @spdbt 
â¤ï¸ KÃ–LN - Kalk, Porz & Innenstadt",Politician
384,Sandra Bubendorfer-Licht,bubendorfer,1658607875,2335,1787,1680,"ğŸ› Mitglied des Bundestages @fdpbt
â›ªï¸ Religionspolitische Sprecherin @fdpbt
ğŸ—½ Obfrau im Innenausschuss",Politician
385,Sandra Detzer,sandra_detzer,39725066852,3197,2143,483,Wirtschaftspolitische Sprecherin @gruenebundestag | Bundestagsabgeordnete | WK Ludwigsburg | Landesgruppensprecherin @thelaend | CO2-freie WirtschaftğŸ’š,Politician
386,Sandra Weeser,sandra_weeser,1967973481,3374,1928,1258,"ğŸ“: Westerwald 
ğŸ‘©â€ğŸ’¼: MdB, Vorsitzende des Wohn- und Bauausschusses, Mitglied Fraktionsvorstand (@fdpbt ) und BuVo (@fdp), Vorstand DFPV
ğŸ‡ªğŸ‡ºğŸ’›",Politician
387,Sara Nanni,saranannni,6708921350,2373,1430,723,"ğŸŒ» MdB 
ğŸ›¡ï¸ nicht gedient, trotzdem sicherheitspol.
Sprecherin @gruenebundestag 
âœŒğŸ¼Friedens- & Konfliktforscherin M.A.
ğŸŒHQ in DÃ¼sseldorf
sie/ihr,she/her",Politician
390,Schahina Gambir,schahinag,1748098951,4343,1575,674,"ğŸ›ï¸ Bundestagsabgeordnete @gruenebundestag fÃ¼r Minden-LÃ¼bbecke (NRW) 
ğŸ’Œ Anfragen nur per Mail an schahina.gambir@bundestag.de",Politician
391,Sebastian Brehm,sebastianbrehmmdb,8717352537,4308,3596,824,"Vorsitzender @mittelstandsunion .
Finanz- u. haushaltspolitischer Sprecher @csu_bt .
Mitglied des Deutschen Bundestages. 
ğŸ“Œ WK NÃ¼rnberg-Nord",Public figure
392,Sebastian Fiedler,fiedelseb,45714585496,3213,1319,459,"Mitglied d. Bundestages fÃ¼r MÃ¼lheim & Borbeck â™¥ï¸|
Kriminalpolizist ğŸš”| Gewerkschafter ğŸ“£|
Transparenz ğŸ”| Kinderschutz ğŸ›¡| Innere Sicherheit ğŸš¨|",Politician
394,Sebastian Hartmann,sebastianhartmann.spd,2292640393,2301,333,1026,"ğŸ› Bundestagsabgeordneter
ğŸ“ Rhein-Sieg-Kreis
ğŸ—£ Innenpolitischer Sprecher der @spdbt 
ğŸš© Vorsitzender @spd.rheinsieg
ğŸ“© sebastian.hartmann@bundestag.de",Politician
395,Sebastian MÃ¼nzenmaier,sebastian.muenzenmaier.afd,9124939594,18307,1031,688,"Stellv. Fraktionsvorsitzender
Neues Magazin:
https://www.muenzenmaiers-magazin.de/print/",Politician
396,Sebastian SchÃ¤fer,sebastian_es_bt,45319426556,1177,449,554,"ğŸ‘¨â€ğŸ‘§â€ğŸ‘¦ Vater ğŸ’š GrÃ¼ner ğŸ· Genussmensch 
ğŸ“ˆ Finanzen ğŸŒ³ Klimaschutz
Bundestagsabgeordneter von BÃ¼ndnis 90 / Die GrÃ¼nen fÃ¼r den Wahlkreis Esslingen",
397,Sevim Dagdelen,sevim_dagdelen_,7139217038,8802,3,1068,Mitglied des deutschen Bundestages.            Kontakt bitte per Mail.,Politician
399,Siemtje Victoria Regine Ilse Santjer MÃ¶ller,siemtje_moeller,6982812862,11144,2214,1444,"Direkt gewÃ¤hlt in Friesland, Wilhelmshaven und Wittmund | Parl. StaatssekretÃ¤rin beim Bundesminister der Verteidigung | Working Mum, Ost-Friesin ğŸŒŠ",Public figure
406,Silke Launert,silkelaunert,3065699636,5501,1279,1361,"MdB ğŸ¦ğŸ”·ğŸ‡©ğŸ‡ª Mama ğŸ‘¨â€ğŸ‘©â€ğŸ‘§â€ğŸ‘¦ + ğŸˆğŸˆ,ğŸ“Bayreuth, FrÃ¤nkin, Richterin a.D. ğŸ‘©ğŸ¼â€âš–, GenieÃŸerin ğŸğŸ±ğŸ«â˜•",Politician
407,Simona KoÃŸ,kosssimona,45860015959,1269,448,529,"ğŸ—³ï¸ Bundestagsabgeordnete fÃ¼r MOL und Barnim SÃ¼d (WK 59)
ğŸ“š SonderpÃ¤dagogin/SchulrÃ¤tin
ğŸ« Ehrenamtliche BÃ¼rgermeisterin in PrÃ¶tzel",Politician
408,Simone Borchardt,simone.borchardt,43805295173,2441,1224,1266,ğŸ‡©ğŸ‡ª Mitglied des Deutschen Bundestages (CDU),Politician
409,Stefan Gelbhaar,stefangelbhaar,247359807,3484,795,315,"Abgeordneter im #Bundestag fÃ¼r Berlin und #Pankow, BÃ¼ndnis 90/ Die #GrÃ¼nen, angeblich seltene Art: #Berliner. ğŸŒ»",Politician
410,Stefan Heck,stefanheck82,47969339937,1882,1578,147,"ğŸ›ï¸CDU-Bundestagsabgeordneter
ğŸ—£ï¸Mitglied im Ausschuss fÃ¼r Inneres & Heimat und fÃ¼r ğŸ—³ï¸WahlprÃ¼fung, ImmunitÃ¤t & GeschÃ¤ftsordnung
ğŸ“Marburg-Biedenkopf",Politician
412,Stefan Kaufmann,stuttgartstefan,2989287963,3276,2262,340,"ğŸ’¡ Mich interessiert unsere Zukunft
ğŸ’§ Hydrogen Executive Advisor
ğŸ“ Stuttgart
â¤ï¸-Themen: Bildung, Forschung, LGBTTIQ",Politician
414,Stefan MÃ¼ller,stefanmuellermdb,1688638343,4277,2445,596,"Genossenschafter, Kochbuchsammler, Foodlover, Sportbegeisterter ğŸš´ğŸ»â€â™‚ï¸ğŸ‹ğŸ»â€â™‚ï¸ğŸƒğŸ»â€â™‚ï¸
Franke, Bayer, Teilzeit-MÃ¼nchner",Politician
415,Stefan Nacke,stefan.nacke,21539143055,1435,658,1068,"Bundestagsabgeordneter fÃ¼r MÃ¼nster ğŸ™‹ğŸ»â€â™‚ï¸
Aktuelles, Impressum & Datenschutz â¤µï¸",Politician
416,Stefan Rouenhoff,stefanrouenhoff,9385612188,1540,1011,652,"Mitglied des Deutschen Bundestages, Kreis Kleve, (Wahlkreis 112), Mitglied im Wirtschaftsausschuss, CDU, Volkswirt",Public figure
417,Stefan Schmidt,stefan_schmidt_mdb,44568923013,1102,418,309,"ğŸ’š OberpfÃ¤lzer MdB 
ğŸ“Regensburg & Berlin
ğŸ§³Sprecher fÃ¼r Tourismuspolitik @gruenebundestag
Team Schmidt postet mit â¬‡ï¸",Politician
419,Stefan Schwartze,stefan_schwartze,6640286888,2574,639,918,SPD-Bundestagsabgeordneter fÃ¼r den Kreis Herford und die Stadt Bad Oeynhausen. Patientenbeauftragter der Bundesregierung @patientenbeauftragter,
420,Stefan Seidler,stefan.seidler.ssw,8565913792,2726,897,556,Der vom SSW im @bundestag â€¢ Minderheiten â€¢ Maritimes â€¢ Verkehr â€¢ RegionalitÃ¤t â€¢ Davor ğŸ‡©ğŸ‡°ğŸ‡©ğŸ‡ªğŸ‡ªğŸ‡º Koordinator im Land #schleswigholstein â€¢ @sswpresse,Politician
421,Stefan Zierke,stefan_zierke,3635150759,1674,971,1001,"ğŸ› Bundestagsabgeordneter fÃ¼r Uckermark und Barnim
ğŸ§³ Tourismuspolitischer Sprecher @spdbt
ğŸ• PrÃ¤sident des BVCD (@campinglanddeutschland) und der DPG",Politician
422,Steffen KotrÃ©,steffenkotre,6259741940,3365,369,415,"Abgeordneter im Deutschen Bundestag. Energiepolitischer Sprecher der AfD-Fraktion ğŸ“ˆğŸ’¡
Sprecher der Landesgruppe Brandenburg ğŸŒ¾",Politician
423,Steffi Lemke,lemke.steffi,4927405993,9829,459,529,"Bundestagsabgeordnete aus Dessau-RoÃŸlau fÃ¼r @gruene_lsa ğŸ’š und Bundesministerin fÃ¼r Umwelt, Naturschutz, nukleare Sicherheit und Verbraucherschutz",Politician
424,Stephan Mayer,stephanmayercsu,52182024014,2195,316,83,ğŸ’¬ Mitglied des Deutschen Bundestags,Politician
425,Stephan Protschka,stephan.protschka.mdb,7285005795,6210,583,2371,Bundestagsabgeordneter fÃ¼r Rottal-Inn/Dingolfing-Landau,Politician
426,Stephan Seiter,stseiter,7490963514,1504,636,598,"ğŸ’› @fdpbt Sprecher fÃ¼r Forschung, Technologie, Innovation / ğŸ›ï¸ Stimme der Wissenschaft / ğŸŒ Ã–konom mit Vernunft / ğŸ‡ªğŸ‡º SchwÃ¤bischer EuropÃ¤er /ğŸ“Waiblingen",Politician
427,Stephan Stracke,stephan_stracke_mdb,4505054144,978,256,1170,"Politiker
Bundestagsabgeordneter fÃ¼r den wunderschÃ¶nen Wahlkreis 257 OstallgÃ¤u
Vorsitzender der Arbeitsgruppe Arbeit und Soziales der CDU/CSU-Fraktion",Politician
428,Stephan Thomae,stephanthomae,963694375,3070,1886,1423,"ğŸ›ï¸Mitglied des Deutschen Bundestags
ğŸ‘‹ğŸ¼Parlamentarischer GeschÃ¤ftsfÃ¼hrer der @fdpbt 
ğŸ—£ï¸Vorstandsmitglied der @fdp 
ğŸ·Blasmusikfreund & Buchliebhaber ğŸ“š",Politician
429,Susanne Ferschl,susanneferschl,14655468834,2565,551,1619,"MdB DIE LINKE, BetriebsrÃ¤tin, Gewerkschafterin",Politician
430,Susanne Hierl,susanne.hierl,26334389008,1455,321,643,"ğŸ’™ğŸ¤Bayerin im Bundestag
ğŸ“Wahlkreis: Amberg, Amberg-Sulzbach, Neumarkt",Politician
431,Susanne Marianne Hennig-Wellsow,susanne_hennig_wellsow,1662647311,6461,1064,935,@dielinke | Mitglied im Deutschen Bundestag @linksfraktion | immer fÃ¼r ein gutes Leben fÃ¼r alle & gegen Faschismus in allen Formen.,Politician
432,Susanne Mittag,susanne.mittag.mdb,44539093373,1272,277,779,"SPD-Bundestagsabgeordnete fÃ¼r Delmenhorst, die Wesermarsch und den Landkreis Oldenburg.
Meine Homepage ğŸ‘‡ğŸ¼",Politician
433,Sven Lehmann,_svenlehmann_,1947461317,30577,3416,1708,"ğŸ—³ï¸ Mitglied des Bundestages | â¤ï¸ KÃ¶ln SÃ¼dwest | ğŸ³ï¸â€ğŸŒˆ Queer-Beauftragter der Bundesregierung | ğŸ›ï¸ Parl. StaatssekretÃ¤r @bmfsfj | 
Privat-Profil.",Politician
434,Sven-Christian Kindler,svenchristiankindler,6216892384,3210,989,1656,Fiscal Policy. Europe. Antifascism. Member of the Bundestag | Greens,Politician
435,Svenja Schulze,svenja.schulze.nrw,50527622489,8404,513,630,"ğŸŒ Federal Minister for Economic Cooperation & Development | Bundesministerin fÃ¼r wirtschaftliche Zusammenarbeit & Entwicklung
ğŸ—³ï¸ MdB fÃ¼r MÃ¼nster",Politician
436,Svenja Stadler,svenja.stadler,9757200719,3594,1419,1534,"ğŸŒ¹ Bundestagsabgeordnete SPD
ğŸ’° Haushaltspolitikerin mit â¤ï¸ fÃ¼r ğŸŒ³ und ğŸ±ğŸ“
ğŸ“Wahlkreis LK Harburg â†”ï¸ Berlin
âœ‰ï¸ svenja.stadler@bundestag.de",Politician
437,Sylvia Lehmann,lehmannspd,7440379759,1915,883,1143,"SPD Bundestagsabgeordnete 
Wahlkreis Dahme-Spreewald/ Teltow-FlÃ¤ming III/ Oberspreewald-Lausitz I #wk62 
Regionen stÃ¤rken im Bund! #sylviamachts",Politician
438,SÃ¶ren Pellmann,soerenpellmann,3538067218,4890,1292,2873,"Direkt gewÃ¤hltes Mitglied des Bundestages fÃ¼r Leipzig-SÃ¼d, Vorsitzender @dielinkebt, stv. Vorsitzender der @linkefraktion_le",Politician
439,Takis Mehmet Ali,takis_ma2021,1178428231,7297,2427,580,"ğŸ‘¦ğŸ½Bundestagsabgeordneter SPD
â˜ğŸ½Landesrat Arbeit und Soziales - ab 01.01.25
ğŸ˜Teilhabepolitischer Sprecher @spdbt 
â™¥ï¸PersÃ¶nliches Profil
ğŸ³ï¸â€ğŸŒˆDiversitÃ¤t",Politician
440,Thomas BareiÃŸ,thomasbareiss,2330128913,5952,2293,1747,"ğŸ¡ FuÌˆr die Menschen, fuÌˆr unsere Heimat!
ğŸ› MdB Zollernalb-Sigmaringen. Vorsitzender @cdu Bezirk WÃ¼Ho, VerkehrspolSprecher @cducsubt",Political Party
441,Thomas Dietz,dorpat2000,13074224048,1097,424,607,"Mitglied des Deutschen Bundestages
â–ªï¸Ausschuss Gesundheit
â–ªï¸Ausschuss Bauen und Wohnen
#keinewindkraftÃ¼berwald
WahlkreisbÃ¼ro
Am Altmarkt 7, 08280 #Aue",Politician
442,Thomas Gebhart,thomas__gebhart,5879221973,4365,1874,1261,"ğŸ—³ Bundestagsabgeordneter
ğŸŒ Obmann im Ausschuss fÃ¼r Klimaschutz & Energie
ğŸ‡ SÃ¼dpfalz",Politician
443,Thomas Hacker,hacker_thomas,3223039020,3131,1363,465,"ğŸ’¼ MdB fuÌˆr Bayreuth
ğŸ“¡ Sprecher fuÌˆr Europa- und Medienpolitik @fdpbt                                       
ğŸ—½ PraÌˆsident der Thomas-Dehler-Stiftung",Politician
445,Thomas Heilmann,thomas_heilmann,3022008922,4381,1008,603,"ğŸ‡©ğŸ‡ªBundestagsabgeordneter @cdu 
ğŸ“#Steglitz #Zehlendorf 
ğŸ“±Digital- und ğŸŒ¿ Klimapolitik
ğŸŒ± Vorsitzender @klimaunion
â¬‡ï¸Alle Social Accounts und Websitenâ¬‡ï¸",Politician
446,Thomas Hitschler,thomashitschler,52515963,3205,510,1403,Direkt gewÃ¤hlter #MdB fÃ¼r die schÃ¶nste Region der Republik.  Parl. StaatssekretÃ¤r im #BMVg,Politician
447,Thomas Jarzombek,thomas_jarzombek,388824864,3776,465,1085,"Mitglied des Bundestages fÃ¼r DÃ¼sseldorf, Sprecher der CDU/CSU-Bundestagsfraktion fÃ¼r Bildung und Forschung",
448,Thomas Ludwig Walter Ehrhorn,thomas.ehrhorn,6498842257,7962,54,86,"Alternative fÃ¼r Deutschland 
Mitglied des Deutschen Bundestages",Politician
449,Thomas Maximilian Erndl,thomaserndl,4129227588,2768,1517,1093,"ğŸ› Bundestagsabgeordneter fÃ¼r den Wahlkreis Deggendorf
ğŸ‡©ğŸ‡ª BÃ¼rger, Niederbayer & Ingenieur
ğŸ‘ª Familienvater",Politician
450,Thomas Michael Konrad Seitz,mdbseitz,10724297903,2232,10,195,UnabhÃ¤ngiger Bundestagsabgeordneter im Wahlkreis Emmendingen-Lahr (ehemals AfD),
451,Thomas Michael Sattelberger,th_sattelberger,5369772584,12622,1307,654,"â¡ï¸Parlamentarischer StaatssekretÃ¤r a.D.
â¡ï¸MdB 2017-2022
â¡ï¸ehem. Personalvorstand Dt. Telekom AG & Continental AG",
452,Thomas RÃ¶wekamp,thomas_roewekamp,48523104017,1121,552,246,"Moin. 
ğŸ“š Bildung 
ğŸŒ³ğŸ“Š Ã¶kologische Wirtschaft
ğŸ› Abgeordneter im Deutschen Bundestag fÃ¼r Bremen
ğŸƒ DauerlÃ¤ufer und ğŸš£â€â™€ï¸ Ruderer",Politician
453,Thomas Silberhorn,thomas.silberhorn,39173871239,1430,215,994,"ğŸ”¹Mitglied des Deutschen Bundestages
ğŸ“Bamberg-Forchheim
ğŸŒSprecher fÃ¼r transatlantische Beziehungen @cducsubt 
ğŸ‡©ğŸ‡ªParlamentarischer StaatssekretÃ¤r a.D.",Politician
454,Thomas Walther Rachel,thomas_rachel_mdb,5716230660,3158,870,1219,"â–ªï¸MdB fuÌˆr den @kreis_dueren 
â–ªï¸Kirchenpolitischer Sprecher @cducsubt 
â–ªï¸Parlamentarischer StaatssekretaÌˆr a. D.
â–ªï¸Bundesvorsitzender @eakunion",Politician
455,Thorsten Frei,thorsten.frei,8462773148,9273,811,2871,"Erster Parlamentarischer GeschÃ¤ftsfÃ¼hrer der @cducsubt
Stv. Landesvorsitzender der @cdu_bw
OberbÃ¼rgermeister a.D.
BeitrÃ¤ge, Datenschutz und Impressum:",Politician
456,Thorsten Rudolph,dr.thorsten.rudolph,18770114,1490,1430,822,Bundestagsabgeordneter fÃ¼r den Wahlkreis Koblenz.,Political Candidate
457,Thorsten Willibald Lieb,thlieb,8308477883,1842,788,496,"ğŸ§® | Haushalts-& âš–ï¸Rechtspolitiker @fdpbt
ğŸŒ† | Kreisvorsitzender @fdpffm 
ğŸ’› | Stv. Landesvorsitzender @fdp_hessen
RUNNERğŸƒğŸ¼â€â™‚ï¸| COFFEE ADDICTâ˜•ï¸",Politician
458,Till Berthold Mansmann,tillmansmann,2232206188,2270,1252,992,"ğŸ“ BergstrÃ¤ÃŸer MdB @fdpbt 
ğŸ—ºï¸ Entwicklungspolitischer Sprecher
ğŸ‘¨ğŸ¼â€ğŸ”¬ Wasserstoffbeauftragter des @bmbf.bund
ğŸ’µ Finanzausschuss 
ğŸ’¡ Physiker",Politician
459,Tilman Moritz Kuban,tilmankuban_,7373694187,19581,3706,1097,"ğŸ›ï¸ Im Bundestag fÃ¼r die sÃ¼dliche Region Hannovers
ğŸ—£ï¸ Wirtschaft & Europa fÃ¼r @cducsubt 
âš½ï¸ 96-Fan Sturmfest&Erdverwachsen
#ï¸âƒ£ #Zukunftsmacher",Personal blog
460,Tim KlÃ¼ssendorf,tim.kluessendorf,5567267928,7547,614,387,"â–«ï¸MdB @spdbt fÃ¼r LÃ¼beck, Sandesneben & Berkenthin 
â–«ï¸Sprecher @pl.spd | Vorsitzender @spdluebeck",Politician
462,Timon Gremmels,gremmels,48836959,3427,931,1365,"Hessischer Minister fÃ¼r Wissenschaft und Forschung, Kunst und Kultur. Vorsitzender des SPD-Bezirks Hessen-Nord.",
463,Tina Rudolph,tina.rudolph.spd,12969101511,2219,747,748,"ğŸ‘©ğŸ»â€ğŸ’¼Bundestagsabgeordnete fÃ¼r uns in WestthÃ¼ringen (WAK,UHK)
ğŸŒ²ThÃ¼ringerin, ğŸ“Eisenach
ğŸ¥ Ã„rztin
ğŸŒ¹Sozialdemokratin
ğŸ™Œâ¤ï¸#sustainability",Politician
464,Tina Winklmann,tina_winklmann,2163959852,1814,1216,1081,"BÃ¼ndnis90/DIE GRÃœNEN
Mitglied des Deutschen Bundestages 
Sportpolitische Sprecherin der GRÃœNEN Bundestagsfraktion 
#gruenebundestag
#grueneoberpfalz",Politician
465,Tino Chrupalla,chrupallatino,6436104528,36933,169,651,"Mitglied des Deutschen Bundestages
Fraktionsvorsitzender der #AfD
Bundessprecher der #AfD
Platz der Republik 1, 11011 Berlin",
466,Tino Sorge,tinosorge,277928490,2016,684,999,"ğŸ‡©ğŸ‡ªMdB &ğŸ‘¨ğŸ¼â€âš•ï¸Gesundheitspolitischer Sprecher @cducsubt 
ğŸ¡Wahlkreis Magdeburg, SchÃ¶nebeck, Calbe, Barby & BÃ¶rdeland 
ğŸš™Oldtimerfan &ğŸ‚ Snowboarder",Politician
467,Tobias BjÃ¶rn Bacherle,tbbacherle,3256493731,3940,978,849,"ğŸš¥ Mitglied des Bundestags
ğŸŒ» Digital- & AuÃŸenpolitik @gruenebundestag
ğŸ’» Obmann Ausschuss fÃ¼r Digitales 
ğŸ¥ @ditisschade! Festival",Politician
468,Tobias Lindner,tobias.lindner.mdb,3632847593,5547,3089,770,"Staatsminister @auswaertigesamt 
Bundestagsabgeordneter @gruenebundestag
SuÌˆdpfÃ¤lzer
Alle aktuellen Linksâ¤µï¸",Politician
469,Tobias Matthias Peterka,tobiaspeterkamdb,27777355316,3881,32,1330,"â—½Mitglied des Deutschen Bundestages (AfD)
â—½Mitglied im Rechtsausschuss 
â—½Stv. Landesgruppenchef Bayern
â—½Vorsitzender AfD Oberfranken",Politician
470,Tobias Winkler,tobiaswinklermdb,48180518229,1234,219,607,"ğŸ“ MdB fÃ¼r FÃ¼rth, FÃ¼rth-Land & NEA/BW | Heimatverbundener EuropÃ¤er ğŸ‡ªğŸ‡º | Vielgereister ğŸŒ | KÃ¤rwabou | Papa ğŸ‘¨â€ğŸ‘©â€ğŸ‘§ mit Streuobstwiese ğŸ’ğŸ“",Politician
471,Torsten Herbst,herbsttorsten,3906188934,1631,407,898,"ğŸ›ï¸ Mitglied des Deutschen Bundestages @fdp 
ğŸ’› Parlamentarischer GeschÃ¤ftsfÃ¼hrer @fdpbt
ğŸ’° Haushaltsausschuss @bundestag
ğŸ¤“ Schatzmeister der @fdp_sn",Politician
472,Udo Schiefner,schiefnerudo,6107707521,1428,651,625,Bundestagsabgeordneter fÃ¼r den Kreis Viersen Vorsitzender des Verkehrsausschusses im Bundestag       ğŸšŒğŸš²ğŸ›¤ï¸ğŸ›«ğŸš…  #spd ğŸŒ¹,Politician
473,Ulrich Lange,ulrich.lange.mdb,43636168480,2142,1619,1014,"Mitglied des Deutschen Bundestages ğŸ‡©ğŸ‡ª
Stellvertretender Vorsitzender der CDU/CSU-Bundestagsfraktion @cducsubt",Politician
474,Ulrich Lechte,ulrichlechte,10364697301,2130,833,347,"ğŸ¤ Bundestagsabgeordneter @fdpbt 
â¤ï¸ AuÃŸenpolitischer Sprecher
ğŸ› Obmann im AuswÃ¤rtigen Ausschuss
ğŸ¥¨ Stellv. Landesvorsitzender @fdplgby 
ğŸ“Regensburg",Politician
475,Ulrike Harzer,ulrike_harzer,5679388353,1055,650,232,"âš’ï¸ Kreisvorsitzende @fdp_erzgebirge
ğŸ’› @fdp_sn
ğŸ›ï¸ fÃ¼r Sachsen im Bundestag",Personal blog
476,Uwe Schmidt,uweschmidt.mdb,45938368408,1812,1219,771,"SPD-Bundestagsabgeordneter fÃ¼r Bremen & BremerhavenğŸ’ªğŸ‡©ğŸ‡ª
Hafenfacharbeiterâš“ï¸ GewerkschafterâœŠ MofaliebhaberğŸ›µ Hundefreund ğŸ¶",Politician
478,Uwe Wolfgang Werner Feiler,uwefeilermdb,7210373438,1221,143,243,"ğŸ—³ Bundestagsabgeordneter @cducsubt
ğŸ“  #WK58 Oberhavel/Osthavelland 
ğŸ£ Passionierter Angler
ğŸ PSts a.D. @lebensministerium",
479,Valentin Christian Abel,valentin_christian_abel,1689567664,2168,1291,362,"ğŸ‘¨ğŸ»â€ğŸ’» Bundestagsabgeordneter | ğŸ—½ @fdpbt
ğŸš¦ MobilitÃ¤tswende in progress
ğŸ  SchwÃ¤bisch Hall-Hohenlohe",Politician
480,Verena Ute Hubertz,verenahubertz,176550533,9538,2454,608,"ğŸ“ FÃ¼r Trier-(Saarburg) im Bundestag 
ğŸ› Stellvertretende Fraktionsvorsitzende @spdbt 
ã€°ï¸ GrÃ¼nderin @kitchenstories_official",Politician
481,Victor Angelo Perli,bundestagsperli,472459038,11267,695,1527,"Mitglied des Bundestages â€¢ Haushaltsausschuss â€¢ Linke â€¢ Meldeportal Mindestlohnbetrug.de
ğŸ“WolfenbÃ¼ttel",Politician
482,Volker Mayer-Lay,volkermayerlay,4370367422,4233,1665,997,"ğŸ› Mitglied des Deutschen Bundestags
ğŸ« Kommunalpolitiker
ğŸ‘¨ğŸ»â€ğŸ“ Jurist
ğŸª– Reservist",Politician
483,Volker Michael Ullrich,volkerullrich,1811193870,3898,1679,1479,"Mitglied des Deutschen Bundestages
CDU/CSU-Fraktion
ğŸ”¹Wahlkreis Augsburg & KÃ¶nigsbrunnâ €â €â €â €â €â €â €â €â €â €â € â €â €â €â €â €â €â €â €â €â €
X/Twitter: @VolkerUllrich
â¬‡ï¸ Mehr Infos:",
487,Volker Redder,docredder,220200217,1077,630,243,"ğŸ›ï¸ Bundestagsabgeordneter fÃ¼r Bremen und Bremerhaven 
ğŸ‘¨ğŸ»â€ğŸ’» Unternehmer 
â›µï¸ Bremer Urgestein",Politician
488,Volker Wissing,volkerwissing,2772238228,24339,1154,1265,"Bundesminister fÃ¼r Digitales und Verkehr
ğŸ“±ğŸš¶ğŸ»â€â™€ï¸ğŸš²ğŸšŒğŸš†ğŸ›©â›´ğŸš›ğŸƒ
Vorsitzender der FDP Rheinland-Pfalz ğŸ’›",Politician
489,Volkmar Klein,volkmarklein,4419420298,2421,857,1750,Bundestagsabgeordneter fuÌˆr Siegerland und Wittgenstein,
490,Wiebke Esdar,wiebkeesdar,4742624126,3667,1773,1115,ğŸ°Im Bundestag fÃ¼r Bielefeld und Werther |  ğŸ’¶Haushaltspolitik | â¤ï¸SPD | ğŸŠğŸ»â€â™€ï¸Schwimmerin | ğŸ§’ Mutter,Politician
491,Wiebke Papenbrock,wiebkepapenbrock,47492048350,1638,765,473,"ğŸ›Bundestagsabgeordnete
ğŸ¡fÃ¼r Ostprignitz-Ruppin, die Prignitz und das Havelland
â™¥ï¸Brandenburgerin
ğŸŒ¹Sozialdemokratin",Public figure
492,Wilfried Oellers,wilfried.oellers,44329518763,1271,196,439,Mitglied des Deutschen Bundestages fÃ¼r den Kreis Heinsberg,Politician
493,Wolfgang Dieter Stefinger,wolfgangstefinger,2876688601,4116,2924,1171,"ğŸ¤ğŸ’™ MÃ¼nchner. Bayer. MdB. 
ğŸ—³ï¸ WK MÃ¼nchen-Ost
ğŸ“ˆğŸŒ Obmann im Ausschuss f. wirtschaftl. Zusammenarbeit u. Entwicklung
ğŸ§‘ğŸ¼â€ğŸ’» Mein Team kommentiert unter â€TSâ€œ",Politician
494,Wolfgang Hellmich,wolfganghellmichspd,6019000709,1076,426,161,Bundestagsabgeordneter fÃ¼r den Kreis Soest.,Politician
496,Yannick Bury,yannickbury,233734004,2748,760,630,"ğŸ“Im Bundestag fÃ¼r den Landkreis Emmendingen und die Ortenau
ğŸ’¶ Haushalt, Finanzen und Europa @cducsubt 
ğŸ‘¨â€ğŸ‘©â€ğŸ‘¦Familienpapa âš½ï¸SC-Fan",Politician
497,Ye-One Rhie,yeone_rhie,4844770032,15825,1290,473,"ğŸ› Bundestagsabgeordnete fÃ¼r Aachen
ğŸ¦¸ğŸ»â€â™€ï¸ Wissenschaftspolitikerin 
â¤ï¸ stellv. Vorsitzende der SPD Aachen",Politician
498,Yvonne Magwas,yvonne_magwas,1585088042,5260,569,1308,VizeprÃ¤sidentin des Deutschen BundestagesğŸ“DirektgewÃ¤hlte Bundestagsabgeordnete des Vogtlandkreises,Politician
500,Zanda Martens,zanda.martens,29598743742,1719,440,1405,"Eure Bundestagsabgeordnete fÃ¼r D'dorf. ğŸ¤¸ 
Mitglied in der @spdbt und Vorsitzende der @spdduesseldorf. ğŸŒ¹ğŸ¤",Politician
501,Zoe Mayer,zoe.gruene,29834435565,10824,694,696,ğŸŒ» Direkt gewÃ¤hlte Bundestagsabgeordnete fÃ¼r KarlsruheğŸ‘©â€ğŸ“ Dr.-Ing. âœŠ FÃ¼r #klimaschutz #tierschutz #tierrechte #zusammenhalt ğŸŒ±ğŸ’ª plant powered ğŸ€ Zoe+Team,Politician
