,name,account,party,follower_cnt,following_cnt,post_cnt,bio
0,Achim JÃ¼rgen Post,achim_p,SPD,2538,1444,3516,"#SPD-MdB fÃ¼r #Minden-#LÃ¼bbecke, stellv. Vorsitzender der @spdbt-Fraktion, Vorsitzender der @NRWSPD & stellv. @spdde-Vorsitzender (Postings/Team = tap)"
1,Adis Ahmetovic,adis.a93,SPD,15653,850,399,"â¤ï¸ MdB fÃ¼r Hannover und Vorsitzender der @spd_hannover 
ğŸ›ï¸ AuÃŸen- und Sicherheitspolitiker
ğŸ“¢ Sprecher fÃ¼r Internationale Klima- und Energiepolitik"
2,Albert Stegemann,albert.stegemann,CDU,3974,1291,504,"ğŸŒ¾ğŸ‘·â€â™‚ï¸ Bundestagsabgeordneter fÃ¼r das Emsland und die Grafschaft Bentheim
ğŸ—£ Sprecher fÃ¼r Landwirtschaft/ErnÃ¤hrung  @cducsubt
ğŸ® Landwirt aus Ãœberzeugung"
3,Alexander Bartz,bundesbartz,SPD,2921,7334,774,"ğŸ›ï¸ Abgeordneter im Deutschen Bundestag
ğŸ’š Zuhause im Oldenburger MÃ¼nsterland
ğŸ¤ Handel ğŸ—ºï¸ Tourismus ğŸ½ï¸ ErnÃ¤hrung
@spdbt"
4,Alexander Engelhard,alexander_engelhard_csu,CSU,1355,96,389,"ğŸ’™Bundestagsabgeordneter fÃ¼r den Wahlkreis Neu-Ulm
ğŸ’™CSU Kreisrat in Neu-Ulm
ğŸ‘¨â€ğŸ‘©â€ğŸ‘§â€ğŸ‘§Familienmensch und ğŸŒ¾Getreidekenner"
5,Alexander Graf Lambsdorff,alexandergraflambsdorff,FDP,17873,449,415,Botschafter der Bundesrepublik Deutschland in der Russischen FÃ¶deration
6,Alexander Hoffmann,alexander.hoffmannmdb,CSU,2564,917,960,"ğŸ‡©ğŸ‡ªMitglied des Deutschen Bundestages 
ğŸ”¹Parlamentarischer GeschÃ¤ftsfÃ¼hrer (CSU)
ğŸ“Wahlkreis Main-Spessart/Miltenberg"
7,Ana-Maria TrÄƒsnea,amtrasnea,SPD,3710,2272,548,"ğŸ« MdB und StaatssekretÃ¤rin a.D.
ğŸŒ¹ Co-Vorsitzende @spd_frauen_berlin 
âš–ï¸Demokratie I ğŸ‘¨â€ğŸ‘©â€ğŸ‘§Jugend & Familie I 
â¤ï¸Migration I ğŸ‡ªğŸ‡º & ğŸŒ I
ğŸ˜»Katzenmama"
8,Andrea Lindholz,andrea.lindholz,CSU,2900,783,487,"ğŸ‡©ğŸ‡ª direkt gewÃ¤hlte Bundestagsabgeordnete 
ğŸ“Wahlkreis Aschaffenburg #bwk247
â–¶ï¸ Stv. Vorsitzende @cducsubt Innen & Recht"
9,Andreas Audretsch,andreasaudretsch,GRÃœNE,4628,1058,481,"Stv. Fraktionsvorsitzender @gruenebundestag
Finanzen | Haushalt | Wirtschaft | Arbeit & Soziales
FÃ¼r Demokratie, gegen Rechtsextremismus
ğŸ’š NeukÃ¶lln"
10,Andreas Bleck,andreasbleckmdb,AfD,2035,297,1021,Mitglied des Bundestages
11,Andreas Jung,andreasjung.kn,CDU,5781,6232,572,"ğŸ“Bundestagsabgeordneter fÃ¼r den WK Konstanz 
ğŸ‘‰ Stellv. Bundesvorsitzender der @cdu
ğŸŒ³ Vorsitzender der AG Klimaschutz & Energie der @cducsubt"
12,Andreas Larem,andreas.larem,SPD,2395,416,830,"ğŸ› Mitglied des Deutschen Bundestages ğŸ”´ @spdde 
ğŸ“FÃ¼r Darmstadt /Darmstadt-Dieburg 
ğŸ’¼ AuswÃ¤rtiger Ausschuss /Vereinte Nationen
#wahlkreis185 #laremlÃ¤uft"
13,Andreas Lenz,andreas.lenz.bundestag,CSU,5874,5138,2209,Mitglied des Bundestages - fÃ¼r Erding und Ebersberg
14,Andreas Rimkus,rimkusandreas,SPD,2158,1231,880,...MdB...DÃ¼sseldorfer Herz...voller Energie...gemeinsam stark...
15,Andreas Schwarz,andreas.schwarz.mdl,SPD,3949,1638,1324,"ğŸŒ» Fraktionschef von @fraktiongruenbw
ğŸ“ Kirchheim unter Teck
ğŸ’› Fan von @thelaend
ğŸ«±ğŸ»â€ğŸ«²ğŸ½ im Landtag fÃ¼r Klimaschutz, Zusammenhalt und Innovation"
16,Andreas Schwarz,andreas.schwarz.mdb,SPD,3072,1025,2958,"ğŸ«Bundestagsabgeordneter @spdbt
ğŸ“Bamberg und Forchheim 
ğŸ’°Haushalts- und ğŸ›¡ï¸Verteidigungspolitik."
17,Andrej Konstantin Hunko,andrejhunko,DIE LINKE,1406,153,114,"MdB  | ğŸ—£ï¸ @buendnis_sahrawagenknecht & Vorsitzender der #UEL-Fraktion im @councilofeurope
Alles Weitere: ğŸ‘‡"
18,Anette Kramme,anettekramme,SPD,1340,484,330,"- Bundestagsabgeordnete @spdde 
- PSt beim Bundesminister fÃ¼r Arbeit und Soziales 
- In Berlin fÃ¼r Bayreuth, Forchheim, Lichtenfels"
19,AnikÃ³ Merten,aniko_teamwunderkerze,FDP,2596,510,1153,"MdB & kulturpolitische Sprecherin @fdpbt / 
20. Deutscher Bundestag / WK 50 #Braunschweig / Ratsfrau @fdp.ratsfraktion.bs âœ¨âœ¨âœ¨ #immerblaugelb ğŸ’™ğŸ’›"
20,Anja Liebert,anjas_ideen,GRÃœNE,1257,1316,693,"Politikerin, MdB
ğŸŒ» GrÃ¼ne Ideen fÃ¼r die Stadt
Wuppertaler Abgeordnete von BÃ¼ndnis 90/DIE GRÃœNEN im Deutschen Bundestag. 
@gruene_wuppertal"
21,Anja Schulz,anja_schulz_liberal,FDP,1711,593,190,"Mitglied des Bundestages @fdpbt â€¢ 
Stv. Landesvorsitzende @fdpnds â€¢ Mitglied im Bundesvorstand @fdp"
22,Anke Hennig,ankehennig_bramsche,SPD,2312,1103,899,"ğŸ“OsnabrÃ¼cker Land
ğŸˆTierschutzbeauftragte, 
ğŸ³ï¸â€ğŸŒˆstv. queerpolitische und 
ğŸ«‚stv. familienpolitische Sprecherin der 
ğŸŒ¹@spdbt
ğŸš¸ Kindertagespflegeperson"
23,Annalena Charlotte Alma Baerbock,abaerbock,GRÃœNE,591107,404,908,AuÃŸenministerin
24,Anne Janssen,anne_janssen_26,CDU,2624,495,954,"Die Zukunft im Blick, die KÃ¼ste im RÃ¼cken. Das bin ich @anne_janssen_26, Mutter, frÃ¼her Lehrerin und jetzt Bundestagsabgeordnete fÃ¼r den Wahlkreis 26"
25,Anne KÃ¶nig,annekoenig_,CDU,3649,1917,1101,"ğŸ‡©ğŸ‡ª Bundestagsabgeordnete Wahlkreis Borken II 
ğŸš€ #gemeinsamschaffenwirneues #cdu
Mit Ideen, Weitsicht und Leidenschaft!"
26,Anne Monika Spallek,aspallek,GRÃœNE,1534,1396,706,"ğŸŒ»Abgeordnete von @gruenebundestag fÃ¼r den Kreis Coesfeld
ğŸ’š LÃ¤ndliche RÃ¤ume und regionale WertschÃ¶pfung"
27,Annette Widmann-Mauz,widmannmauz,CDU,2510,533,1141,"ğŸ“ MdB fÃ¼r TÃ¼bingen-Hechingen @cducsubt     Staatsministerin a.D.
ğŸšº Bundesvorsitzende der Frauen-Union"
28,Annika Gisela Klose,annikloseberlin,SPD,6826,835,679,"ğŸš©Deine Bundestagsabgeordnete fÃ¼r Berlin-Mitte @spdde 
ğŸ“š zustÃ¤ndig fÃ¼r BÃ¼rgergeld & Kindergrundsicherung
âœŠğŸ½ Seenotrettung, Feminismus, Antifaschismus"
29,Antje Tillmann,antje_tillmann,CDU,995,26,191,"Bundestagsabgeordnete, Politikerin fÃ¼r Erfurt, Weimar und das Grammetal, Finanzpolitische Sprecherin CDU/CSU"
30,Anton Gerhard Hofreiter,toni_hofreiter,GRÃœNE,35571,341,837,Biologe & Bundestagsabgeordneter
31,Ariane FÃ¤scher,ariane_faescher,SPD,4078,313,547,Deine Bundestagsabgeordnete der @spdde OHV&HVL im WK58ğŸŒ¹fÃ¼r Dich. fÃ¼r morgen. Jetzt.
32,Armand Zorn,armand_zorn,SPD,19592,2553,629,"âœ–ï¸Mitglied des Deutschen Bundestages 
âœ–ï¸Finanzen & Digitales 
âœ–ï¸Frankfurt am Main 
âœ–ï¸Ein Herz fÃ¼r FuÃŸball & soziale Gerechtigkeit"
33,Armin Laschet,armin_laschet,CDU,74958,180,835,"Christdemokrat. EuropÃ¤er.
Mitglied des Deutschen Bundestages.
MinisterprÃ¤sident a.D."
34,Armin Schwarz,armin_schwarz_cdu,CDU,1645,131,367,"Hessischer Minister fÃ¼r Kultus, Bildung und Chancen
Bezirksvorsitzender CDU Kurhessen-Waldeck
Politisches und Privates"
35,Artur Auernhammer,arturauernhammer,CSU,2662,1651,568,"#MdB ğŸ‡©ğŸ‡ª #csu #cducsu #bwk241 #landwirt #wintersport #heimat                      
ğŸ“Wahlkreis Ansbach und WeiÃŸenburg-Gunzenhausen
Foto: Tobias Koch"
36,Astrid Damerow,astrid_damerow,CDU,1219,380,473,Bundestagsabgeordnete fÃ¼r Nordfriesland und Dithmarschen-Nord
37,Astrid Mannes,astrid.mannes.mdb,CDU,1192,914,231,CDU-Bundestagsabgeordnete fÃ¼r den Wahlkreis 186 (Darmstadt)
38,Ates Nils GÃ¼rpinar,atesgurpinar,DIE LINKE,5663,784,1145,"ğŸš© Stellv. Parteivorsitzender
ğŸ› MdB fÃ¼r @dielinke 
ğŸ—£ï¸ Mitglied im Ausschuss fÃ¼r Gesundheit (Krankenhaus-, Pflege- und Drogenpolitik)"
39,Axel Helmut SchÃ¤fer,axel.schaefer.mdb,SPD,1290,364,689,"ğŸ›ï¸Mitglied des Bundestages
ğŸ‡ªğŸ‡ºMitglied des Europarates
ğŸŸ¥Mitglied in der Parlamentarischen Linken
#Bochum ğŸ“ğŸ¡
#EuropÃ¤erğŸ‡ªğŸ‡º #Sozi #Demokrat"
40,Axel Knoerig,axelknoerig,CDU,1864,829,1303,"ğŸ‡©ğŸ‡ª MdB WK Diepholz/Nienburg I â¡ï¸ @cducsubt
ğŸ› Vorsitzender Arbeitnehmergruppe
ğŸ‘¨â€ğŸ­ Stv. Vorsitzender @cda_bund
ğŸ‘‡ğŸ¼ Impressum"
41,Beate MÃ¼ller-Gemmeke,gruenebeate,GRÃœNE,1844,457,857,"ğŸŒ» GrÃ¼ne Bundestagsabgeordnete
ğŸŸ¢ Arbeit & Soziales
ğŸ‘¥ FÃ¼r gute Arbeit, Chancen & Perspektiven
âœŠ GewerkschaftsGrÃ¼n"
42,Beatrix Storch,beatrix.von.storch,AfD,62262,204,1027,Stellvertretende Fraktionsvorsitzende der AfD im Deutschen Bundestag
43,Benjamin Strasser,bstrasser,FDP,5056,1357,1133,MdB der @fdpbt ğŸ›ğŸ’› | parlamentarischer staatssekretÃ¤r @bundesjustizministerium âš–ï¸ğŸ‘¨â€âš–ï¸ | prÃ¤sident @bmco.verbandğŸµ| anwalt | oberschwabe
44,Bernd Helmut Westphal,bestphal,SPD,1783,241,502,"ğŸ‘‰ğŸ» #SPD #Bundestagsabgeordneter fÃ¼r den Landkreis #Hildesheim
ğŸ‘‰ğŸ» Mitglied des Vorstandes der @spdbt 
ğŸ‘‰ğŸ» Wirtschaftspolitischer Sprecher"
45,Bernd Reuther,reutherbernd,FDP,2804,1640,830,"â–ºMitglied des Deutschen Bundestages (FDP)        â–ºVerkehrspolitischer Sprecher der @fdpbt 
â–º Mitglied im Sportausschuss
â–º Kreisvorsitzender der FDP"
46,Bernhard Daldrup,bernharddaldrup,SPD,2976,1483,1203,"Euer Bundestagsabgeordneter aus WAF â¤, kommunalpol. Sprecher, Obmann fÃ¼r Bau, Wohnen, Stadtentwicklung & Kommunen, Mitgl. im Finanzausschuss."
47,Bernhard Herrmann,bernhard_herrmann_,GRÃœNE,1197,651,525,"ğŸŒ»MdB @gruenebundestag
ğŸ¡Ortschaftsrat
ğŸ’¡Wirtschaft â€¢ Energie â€¢ Klima"
48,Bernhard Siegfried Loos,loosbernhard,CSU,1227,509,650,Mitglied des Deutschen Bundestages fÃ¼r den Wahlkreis MÃ¼nchen-Nord und Unternehmer.
49,Bettina Margarethe Wiesmann,bmwiesmann,CDU,1909,705,707,"ğŸ› MdB, ex MdL FFM
ğŸ‘¨â€ğŸ‘©â€ğŸ‘§â€ğŸ‘¦ Familie, ğŸš€Jugend, ğŸªKinder, ğŸ—Bildung, ğŸŒˆVielfalt, ğŸ’ªZusammenhalt, ğŸ—½Demokratie
BÃ¼rgerverein Dem.ort Paulskirche e.V. 
ğŸ‡©ğŸ‡ªğŸ‡ªğŸ‡ºğŸ‡ºğŸ‡¦"
50,Bettina Martha Lieselotte Hoffmann,dr.bettina.hoffmann,GRÃœNE,1679,1049,460,"Parl. StaatssekretÃ¤rin @umweltministerium, MdB @gruenebundestag, Diplom-Biologin (Dr. rer. nat.)"
51,Bettina MÃ¼ller,betmueller,SPD,1558,665,1045,Bundestagsabgeordnete fÃ¼r Main-Kinzig / Wetterau / Schotten. Am liebsten Zuhause. ğŸ‡ªğŸ‡º Auch auf Twitter(@Betmueller) und Facebook und im www zu finden:
52,Bettina Stark-Watzinger,bettina.starkwatzinger,FDP,15821,836,739,"Zukunft gehÃ¶rt denen, die etwas tun ğŸ’ª
Bundestag | Bundesministerin fÃ¼r Bildung und Forschung ğŸ”¬| Aus vollem Herzen Mutter ğŸ‘¨â€ğŸ‘©â€ğŸ‘§â€ğŸ‘§
Stories auch vom Team"
53,Bijan Djir-Sarai,bijan_djirsarai_,FDP,15995,619,915,Mitglied des Deutschen Bundestages @fdpbt GeneralsekretÃ¤r der FDP @fdp
54,BjÃ¶rn Manuel Simon,bjoernsimon.mdb,CDU,1377,385,1146,"ğŸ‡©ğŸ‡ª CDU-Bundestagsabgeordneter @cducsubt 
ğŸ“ Stadt- und Kreis Offenbach 
âœˆï¸ Verkehrs- & ğŸŒ Umweltpolitiker"
55,Boris MijatoviÄ‡,boris.mijatovic,GRÃœNE,1961,698,429,"ğŸ’š Zuhause in @stadtkassel
ğŸŒ» Sprecher fÃ¼r Menschenrechte und humanitÃ¤re Hilfe bei @GrueneBundestag
ğŸ› MdB fÃ¼r Menschenrechte, Frieden und Europa"
56,Brian Nickholz,briannickholz,SPD,1901,1145,818,"ğŸ“Direkt gewÃ¤hlter Bundestagsabgeordneter fÃ¼r Datteln, Haltern am See, Herten, Marl und Oer-Erkenschwick
SPD-Beauftragter fÃ¼r Obdach- und Wohnungslose"
57,Britta Maria HaÃŸelmann,britta.hasselmann,GRÃœNE,5033,467,308,"Fraktionsvorsitzende @GrueneBundestag ğŸŒ»
aus Bielefeld."
58,Bruno HÃ¶nel,bruno.hoenel,GRÃœNE,12923,1099,488,"ğŸ› Bundestagsabgeordneter @gruenebundestag fÃ¼r den Wahlkreis #LÃ¼beck 
ğŸ’° Haushalt & Finanzen 
ğŸŒ» Parteirat @gruenesh
ğŸ‘¨â€ğŸ“ Psychologe (M.Sc.)"
59,BÃ¤rbel Bas,bundestagspraesidentin,SPD,12190,117,463,"Offizieller Instagram-Kanal der BundestagsprÃ¤sidentin BÃ¤rbel Bas
Official Instagram account of the President of the German @bundestag BÃ¤rbel Bas"
60,BÃ¤rbel Kofler,gudrun_kofler,SPD,2019,1219,371,"âš”ï¸ Tirolerin ~ Idealistin ~ FreigeistğŸ—½
ğŸ›ï¸ Abgeordnete zum Tiroler Landtag ğŸ‡µğŸ‡±
â€ğ”‡ğ”ğ”° ğ”ğ”¢ğ”Ÿğ”¢ğ”« ğ”¤ğ”¦ğ”©ğ”± ğ”«ğ”¦ğ” ğ”¥ğ”±ğ”°, ğ”´ğ”¢ğ”«ğ”« ğ”¡ğ”¦ğ”¢ ğ”‰ğ”¯ğ”¢ğ”¦ğ”¥ğ”¢ğ”¦ğ”± ğ”£ğ”ğ”¢ğ”©ğ”©ğ”±!"" ~ ğ”ğ”ğ”¯ğ”© ğ”—ğ”¥ğ”¢ğ”¬ğ”¡ğ”¬ğ”¯ ğ”ğ”¬ğ”¢ğ”¯ğ”«ğ”¢ğ”¯"
61,Canan Bayram,lieblingxhain,GRÃœNE,3725,980,1322,Mitglied Deutscher #Bundestag ğŸ’š #wk83 #erststimmebayram #Kreuzberg #Friedrichshain #PrenzlauerbergOst #lieblingxhain ğŸŒ» gegen #mietenwahnsinn âœŠğŸ¼
62,Cansel Kiziltepe,canselkiziltepe,SPD,6509,1498,1126,"ğŸŒ¹ @spd_afa @spdberlin
Politikerin, Bundesvorsitzende der Arbeitsgemeinschaft fÃ¼r Arbeit in der SPD
ğŸ“ Ã–konomin"
63,Carina Konrad,ca.konrad,FDP,4709,2055,1689,"Mitglied des Deutschen BundestagesğŸ‡©ğŸ‡ª
Fraktionsvize ğŸ’›
ZustÃ¤ndig fÃ¼r Nachhaltigkeit durch Innovation
ğŸ«ğŸ¦‹ğŸŒ³ğŸš™ğŸ§¬ğŸš‰ğŸ‘·ğŸ—ï¸ğŸ ğŸŒğŸŒ±ğŸŒ¾ğŸ§‘â€ğŸŒ¾ğŸ„  ğŸšœ"
64,Carl-Julius Cronenberg,cjcronenberg,FDP,1559,311,336,"SauerlÃ¤nder
Bundestagsabgeordneter @fdpbt 
Sprecher fÃ¼r Mittelstand & Freihandel 
Hier postet und kommentiert mein Team ğŸ“²"
65,Carlos Kasper,car.los.kasper,SPD,3642,1108,307,"ğŸ›ï¸ SPD-Bundestagsabgeordneter fÃ¼r das Chemnitzer Umland
ğŸ±ğŸŒˆ #TeamCat
ğŸ‘®â€â™‚ï¸ Zollbeamter"
66,Carmen Wegge,carmenwegge,SPD,10020,644,385,"ğŸŒ¹ Juristin, Slammerin & im Bundestag
âœŠğŸ½ Innen- & Rechtspolitikerin
âœ¨ #noNazis | #Feminismus | #LegalizeIt
ğŸ“ Starnberg | Landsberg | Germering"
67,Carolin Wagner,carolinwagner.in,SPD,2117,957,802,"ğŸ“ Regensburg
ğŸ’ªğŸ» Bundestagsabgeordnete 
ğŸ“• Bildung, Forschung sowie Digitales
ğŸš© Sozialdemokratin
ğŸ‘© Mutter von zwei Kindern"
68,Carsten Brodesser,carsten.brodesser,CDU,1175,39,746,CDU Bundestagsabgeordneter
69,Carsten Christoffer Linnemann,carsten_linnemann,CDU,47050,636,346,"GeneralsekretÃ¤r der @cdu Deutschlands | Bundestagsabgeordneter fÃ¼r Paderborn ğŸ¦š | Grundsatzprogramm ğŸ“– | FuÃŸball, Skat, Joggen âš½ï¸"
70,Carsten KÃ¶rber,carsten.koerber,CDU,1028,263,560,"ğŒğ¢ğ­ğ ğ¥ğ¢ğğ ğğğ¬ ğƒğğ®ğ­ğ¬ğœğ¡ğğ§ ğğ®ğ§ğğğ¬ğ­ğšğ ğğ¬
Vorsitzender der @cducsubt-Landesgruppe #sachsen
@cdusachsen @cdu #carstenkÃ¶rber"
71,Carsten Schneider,ostbeauftragter.schneider,SPD,1898,30,172,Dies ist mein offizielles Regierungskonto als Beauftragter der Bundesregierung fÃ¼r Ostdeutschland
72,Carsten Schneider,schneidercar_spd,SPD,5779,1223,958,"Staatsminister im Kanzleramt & Beauftragter fÃ¼r Ostdeutschland @ostbeauftragter.schneider 
Abgeordneter fÃ¼r Erfurt & Weimar
ğŸ“Berlin â†”ï¸ Erfurt I ğŸš´&ğŸ£I"
73,Cem Ã–zdemir,cem.oezdemir,GRÃœNE,138324,682,1740,Direkt gewÃ¤hlter Bundestagsabgeordneter fÃ¼r Stuttgart und Bundesminister fÃ¼r ErnÃ¤hrung & Landwirtschaft | Fan @VfB âšªï¸ğŸ”´
74,Christian Alexander Stetten,christian_von_stetten,CDU,911,3,42,"â–ªï¸ MdB / direkt gewÃ¤hlt im Wahlkreis SchwÃ¤bisch Hall-Hohenlohe
â–ªï¸Vorsitzender des PKM und Mittelstandspolitischer Sprecher von CDU/CSU
â–ªï¸Unternehmer"
75,Christian Bartelt,christian_bartelt_mdb,FDP,678,349,190,FDP-Bundestagsabgeordneter ğŸ›ï¸ aus dem schÃ¶nsten Wahlkreis Deutschlands: Mecklenburg Vorpommern ğŸŒ…
76,Christian DÃ¼rr,christianduerr,FDP,8635,981,844,"Fraktionschef der @fdpbt ğŸ’› 
Wirtschaft, Innovation und Freiheit im Fokus ğŸ—½
Niedersachse ğŸ
@werderbremen ğŸŸ¢âšªï¸"
77,Christian Friedrich Wirth,dr.christian_wirth_mdb,AfD,2091,1710,1057,"â€¢ Rechtsanwalt
â€¢ Mitglied des Deutschen Bundestages  Fraktion der AfD
â€¢Staats-und Verfassungsrechtlicher Sprecher
â€¢Innenausschuss"
78,Christian GÃ¶rke,christiangoerke62,DIE LINKE,1400,1007,284,"Parlamentarischer GeschÃ¤ftsfÃ¼hrer @dielinkebt, WK 64 Lausitz, Finanzminister a.D., Finanzpolitik fÃ¼r die Millionen statt die MillionÃ¤re"
79,Christian Haase,christianhaasemdb,CDU,2094,497,566,"OWLer | Politiker | Haushaltspolitischer Sprecher | Bundesvorsitzender KPV 
#christianhaase #haaseontour"
80,Christian Jung,christianjungmdl,FDP,4961,7139,4842,Impressum/DatenschutzerklÃ¤rung siehe www.christian-jung.de
81,Christian Petry,christianpetrymdb,SPD,1967,847,219,"ğŸ“Direkt gewÃ¤hlter Bundestagsabgeordneter fÃ¼r den Wahlkreis 298 (St. Wendel)
â¤ï¸ SaarlÃ¤nder
âœŠ Sozialdemokrat 
ğŸ‡ªğŸ‡º EuropÃ¤er"
82,Christiane Schenderlein,christiane_schenderlein,CDU,2018,1518,1041,"Mitglied des Deutschen Bundestages 
Sprecherin Kultur & Medien CDU/CSU-Fraktion
Nordsachsen â¤ï¸
#schenderlein #schenderleinfÃ¼rnordsachsen"
83,Christina-Johanne SchrÃ¶der,cijay_schroeder,GRÃœNE,2077,1115,335,"ğŸ’šğŸŒ»âœŒï¸Sprecherin fÃ¼r Wohnen, Stadtentwicklung, Bauwesen und Kommunen @GrueneBundestag | Ausschuss fÃ¼r ErnÃ¤hrung & Landwirtschaft |"
84,Christine Irene Aschenberg-Dugnus,aschenbergdugnus,FDP,3436,523,1625,"ğŸš€ Parlamentarische GeschÃ¤ftsfÃ¼hrerin der @fdpbt 
ğŸ’Š Gesundheitsexpertin 
ğŸ“š RechtsanwÃ¤ltin
ğŸ“Berlin | Strande"
85,Christoph Bernhard Vries,christoph.devries.mdb,CDU,3976,2010,1398,"ğŸ‡©ğŸ‡ª Bundestagsabgeordneter fÃ¼r HH-Mitte
ğŸ—³ @cdu_hamburg 
ğŸ‘®ğŸ¼â€â™‚ï¸ Inneres, Islamismus & Terrorismus
ğŸ™ğŸ¼  Kontrolle der Nachrichtendienste (PKGr)"
86,Christoph Florian Schmid,christoph.schmid.alerheim,SPD,1506,332,855,"SPD Bundestagsabgeordneter 
ğŸ“Donau-Ries 
ğŸ“Dillingen
ğŸ’¼ Verteidigungsausschuss"
87,Christoph Johannes PloÃŸ,christophplossmdb,CDU,8996,839,1510,"Hamburger Jung âš“ï¸ 
Bundestagsabgeordneter @cducsubt ğŸ›ï¸ 
KÃ¤mpft fÃ¼r bÃ¼rgerliche Politik! ğŸ‡©ğŸ‡ªğŸ‡ªğŸ‡º
Leidenschaftlicher Sportler ğŸƒğŸ»â€â™‚ï¸"
88,Christoph Werner Meyer,meyer_fdp,FDP,1915,299,447,"ğŸ“Berliner
ğŸ’›Mitglied des Bundestages fÃ¼r die @fdp 
ğŸ›ï¸ Stellv. Fraktionsvorsitzender der @fdpbt 
ğŸ‘¤Landesvorsitzender der @fdp_berlin"
89,Christos Pantazis,dr.christos.pantazis,SPD,3054,1827,1922,"ğŸ‘¨ğŸ»â€âš•ï¸Arzt ğŸ¦#EinLÃ¶weInBerlin
ğŸŒ¹Vorsitzender @spd.braunschweig
ğŸ›Bundestagsabgeordneter fÃ¼r #Braunschweig
âš•ï¸Stellv. gesundheitspolitischer Sprecher @spdbt"
90,Clara Anne BÃ¼nger,clara.buenger,DIE LINKE,22215,1298,447,"ğŸ›ï¸Abgeordnete im Bundestag fÃ¼r @dielinke 
ğŸ“¢ Expertin fÃ¼r Flucht- und Rechtspolitik
ğŸ‘©ğŸ¼â€âš–ï¸ Juristin
âœŠğŸ¼ MitgrÃ¼nderin von @equalrightsbb"
91,Claudia Benedikta Roth,claudiaroth_official,GRÃœNE,56849,746,613,"ğŸŒ»GrÃ¼ne MdB aus Augsburg 
ğŸ›ï¸Kulturstaatsministerin @bundeskultur
ğŸŒKultur | Vielfalt | Menschenrechte | Feminismus | 1Welt
ğŸ’šTon Steine Scherben
âš½FuÃŸball"
92,Claudia Moll,claudia_moll_,SPD,4309,534,428,"ğŸ‘©ğŸ»â€âš•ï¸ Altenpflegefachkraft und Sozi mit â¤ï¸
ğŸ«±ğŸ¾â€ğŸ«²ğŸ¼ MdB fÃ¼r die Menschen in der StÃ¤dteregion Aachen
ğŸ¢ PflegebevollmÃ¤chtigte der Bundesregierung"
93,Dagmar Schmidt,dieschmidt,SPD,1848,518,605,"Bundestagsabgeordnete fÃ¼r den Lahn-Dill-Kreis, Biebertal und Wettenberg"
94,Daniel Baldy,baldy.daniel,SPD,3688,1397,498,"ğŸŒ¹ Sozialdemokrat
ğŸ› Bundestagsabgeordneter fÃ¼r Mainz & Mainz-Bingen
ğŸ‘¨â€ğŸ« Lehrer"
95,Daniel Rinkert,danielrinkert,SPD,2474,1023,1131,"ğŸ’â€â™‚ï¸Dein Bundestagsabgeordneter fÃ¼r #dormagen #grevenbroich #jÃ¼chen #kaarst #korschenbroich #meerbusch #neuss #rommerskirchen 
ğŸŒ¹Sozi"
96,Daniela Ludwig,daniludwigmdb,CSU,6965,1058,1547,"ğŸ‡©ğŸ‡ªBundestagsabgeordnete
ğŸ‡©ğŸ‡ªAusschussvorsitzende
ğŸ‡®ğŸ‡±Israelbeauftragte der @cducsubt 
ğŸ”·Vorsitzende @brkrosenheim 
ğŸ”·Vorsitzende @fuoberbayern"
97,Deborah Saskia DÃ¼ring,debbie.duering,GRÃœNE,4362,1625,402,"// Sprecherin fÃ¼r AuÃŸenpolitik @gruenebundestag 
// Finanzpolitikerin
// Friedens- und Konfliktforscherin
// Kaffee, Antifaschismus, Feminismus"
98,Denise Loop,denise.loop,GRÃœNE,2439,1005,212,"ğŸ›ï¸ Abgeordnete @gruenebundestag
ğŸ“Dithmarschennord - Nordfriesland
ğŸ’š Kinder-, Jugend- und Gleichstellungspolitik"
99,Dennis Rohde,dennis_rohde,SPD,2697,540,981,"Bundestagsabgeordneter fÃ¼r Oldenburg und das Ammerland seit 2013
Haushaltspolitischer Sprecher der @spdbt
Bezirksvorsitzender der SPD Weser-Ems"
100,Derya TÃ¼rk-Nachbaur,deryatuerknachbaur,SPD,10834,1661,685,"ğŸŒ¹ Bundestagsabgeordnete @spdbt 
ğŸ“ Schwarzwald-Baar-Kreis
ğŸ•Šï¸ Menschenrechte | ğŸŒ AuÃŸenpolitik"
101,Detlef Seif,detlefseifmdb,CDU,625,322,66,#detlefseif
102,Dirk Wiese,dirkwiesespd,SPD,7120,1046,4721,"Sozialdemokratischer MdB aus dem Sauerland + stv. Vorsitzender der @spdbt fÃ¼r Innen ğŸ‘®ğŸ¼â€â™€ï¸, Recht ğŸ›, Landwirtschaft ğŸšœğŸ„ğŸŒ¾,  Sport ğŸ¥‡u. Petitionen âœ‰ï¸"
103,Dorothee Katja Julia Martin,doromartin_hamburg,SPD,4228,3125,1443,"âš“ï¸ Hamburgerin aus Leidenschaft
ğŸ›ï¸ Im Bundestag fÃ¼r Hamburgs Norden
ğŸŒ¹ @spdbt"
104,Dunja Eleonore Angelika Kreiser,dunjakreiser,SPD,2233,2109,921,"> Bundestagsabgeordnete Wahlkreis 49 - Salzgitter, WolfenbÃ¼ttel & Nordharz
> Stellv. Vorsitzende der @spdniedersachsen 
> ğŸ”´ SPD
> Innenpolitikerin"
105,Edgar Konrad Hartmut Franke,edgar.franke1,SPD,3068,4159,789,"Nordhesse aus Ãœberzeugung, MdB. Parlamentarischer StaatssekretÃ¤r beim Bundesminister fÃ¼r Gesundheit."
106,Ekin DeligÃ¶z,ekin_deligoez,GRÃœNE,3604,1107,1433,"ğŸŒ» MdB | @gruenebundestag
ğŸ’¼ PStin | @bmfsfj 
ğŸ£ Born | Tokat, TÃ¼rkei
ğŸ¡ Home | @gruene_neu_ulm 
ğŸ‘©ğŸ½â€ğŸ’»Private Account"
107,Elisabeth Kaiser,elisabeth_kaiser_th,SPD,3681,1083,1043,"â€¢ FÃ¼r OstthÃ¼ringen im Bundestag! 
â€¢ Sozialdemokratin 
â€¢ ThÃ¼ringen <-> Berlin"
108,Emmi Zeulner,emmi_zeulner,CSU,4876,432,1050,
109,Enrico Komning,enricokomningmdb,AfD,1363,172,982,"ğŸ‡©ğŸ‡ª Bundestagsabgeordneter aus Neubrandenburg
ğŸ‘” Parlament. GeschÃ¤ftsfÃ¼hrer der @afdimbundestag"
110,Erhard Grundl,erhard.grundl,GRÃœNE,3203,1556,1157,"ğŸŒ» MdB @gruenebundestag
ğŸŒ»Stadtrat @stadt.straubing 
ğŸ“#Niederbayern
ğŸ¤#Kultur & #Medien|Politik
ğŸŒ #AuswÃ¤rtiger|Ausschuss #AKBP
ğŸ‡ªğŸ‡º #Europa|Ausschuss"
111,Erich Irlstorfer,irlstorfer.mdb,CSU,3102,790,929,"Seit 2013 direkt gewÃ¤hlter Bundestagsabgeordneter fÃ¼r den WK 214 (Freising, Pfaffenhofen a.d. Ilm und Neuburg-Schrobenhausen) und Gesundheitspolitiker"
112,Erik Malottki,erikvonmalottki,SPD,4534,2587,413,"ğŸ› Bundestagsabgeordneter 
ğŸ§­ Mecklenburg Vorpommern Ost
ğŸŒ¹ Sozialdemokrat
â¤ï¸ #unbestechlich"
113,Erwin Josef RÃ¼ddel,erwin_rueddel,CDU,2240,177,3426,"â–«ï¸Bundestagsabgeordneter der CDU 
â–«ï¸Neuwied/ Altenkirchen 
â–«ï¸Mitglied im Ausschuss fÃ¼r Gesundheit im Deutschen Bundestag"
114,Esther Dilcher,estherdilcher,SPD,2418,1247,450,"ğŸ› Bundestagsabgeordnete @spdbt 
ğŸ“Œ Wahlkreis 167: Waldeck & Kassel-Land #natÃ¼rlichnordhessen #echtesther
ğŸ’°Haushaltsausschuss"
115,Fabian Funke,fabianfunke.spd,SPD,1673,262,298,Mitglied des Deutschen Bundestags fÃ¼r die @spdde | Zuhause bei der @spdsachsen & den @jusossachsen in der SÃ¤chsischen Schweiz & Osterzgebirge
116,Felix Banaszak,fbanaszak,GRÃœNE,67834,1491,715,"ğŸ’š FÃ¼r #Duisburg im #Bundestag
ğŸŒ» GrÃ¼n hinterm Kopf
ğŸ’¶ Haushalts- und Wirtschaftspolitik fÃ¼r eine Welt, in der unsere Kinder auch noch gerne leben â˜ºï¸"
117,Felix Schreiner,felixschreiner,CDU,4742,2569,1664,"ğŸ‡©ğŸ‡ª Bundestagsabgeordneter
ğŸ’¡Verkehrs- & Nachhaltigkeitspolitiker der @cducsubt 
ğŸ“Wahlkreis Waldshut-Hochschwarzwald"
118,Filiz Polat,filiz.polat.mdb,GRÃœNE,4509,1284,599,"ğŸ™‹ğŸ½â€â™€ï¸ Abgeordnete im Deutschen Bundestag
ğŸ› Parlamentarische GeschÃ¤ftsfÃ¼hrerin
ğŸŒ» #Migration #Integration #Antirassismus 
ğŸ¤¸ğŸ¾â€â™‚ï¸ in Bramsche zu Hause"
119,Florian OÃŸner,florian_ossner,CSU,3308,2554,874,"Bundestagsabgeordneter fÃ¼r die Region Landshut-Kelheim, Platz der Republik 1, 11011 Berlin"
120,Frank Ullrich,frank.ullrich.biathlon,SPD,3462,1201,889,"MdB fÃ¼r den Wahlkreis 196 I SÃ¼dthÃ¼ringenğŸŒ² I @spdde
Vorsitzender des Sportausschusses im Deutschen @bundestag ğŸ¥‡ğŸ¥ˆğŸ¥‰"
121,Frank Uwe SchÃ¤ffler,f_schaeffler,FDP,3901,854,466,"ğŸ›ï¸| FDP-Bundestagsabgeordneter aus OWL
ğŸ”| Obmann im PUA Atomausstieg
ğŸ’¶| Haushalt & Digitales 
ğŸ—£ï¸| Bitcoin, Blockchain und Krypto 
ğŸ—½| FreiheitskÃ¤mpfer"
122,Franziska Kersten,franziskakersten,SPD,1547,1589,812,"FÃ¼r die SPD & BÃ¶rde/Jerichower Land im Deutschen Bundestag. Themen: lÃ¤ndlicher Raum, Ausgleich zwischen Umweltschutz & Landwirtschaft, starker Osten."
123,Friedhelm GÃ¼nter Boginski,friedhelmboginski,FDP,1294,1366,364,"ğŸ’› MdB fÃ¼r @fdpbt 
ğŸ“ğŸ—ï¸ Mitglied im Bildungs- und Bauausschuss. 
ğŸ¡ Kommunalpolitischer Sprecher
ğŸš€ Wahlkreis 57
â¬‡ï¸ Homepage"
124,Gabriela Heinrich,gabriela_heinrich,SPD,1757,596,494,"ğŸ› Im Bundestag fÃ¼r NÃ¼rnberg-Nord
ğŸŒ¹ Stellv. Fraktionsvorsitzende der @spdbt. 
ğŸ“‹ AuÃŸenpolitik, Menschenrechte, Verteidigung & Entwicklungszusammenarbeit"
125,Gerald Ullrich,gerald.ullrich,FDP,2035,486,958,"ğŸ“Bundestagsabgeordneter | MdB @fdpbt
ğŸ’¼ Wirtschaftsausschuss 
â¡ï¸ Bundesvorstand @fdp 
ğŸ†• AktuellesğŸ‘‡"
126,Gero Storjohann,gero_storjohann,CDU,3240,495,617,"ğŸ“ŒWahlkreis Segeberg & Stormarn-Mitte 
ğŸ“®Vorsitzender AG Petitionen 
ğŸš´â€â™‚ï¸Fahrrad & Familie"
127,Gesine LÃ¶tzsch,gesine.loetzsch,DIE LINKE,4419,1224,1640,Mitglied des Bundestages | Fraktion DIE LINKE | Direktmandat im Wahlkreis Berlin-Lichtenberg | stellvertretende Fraktionsvorsitzende
128,Gitta Connemann,gittaconnemann,CDU,13201,514,1544,"Bauernkind, Politikerin, HerzblutmittelstÃ¤ndlerin, Ostfriesin, Wahl-EmslÃ¤nderin, Teilzeit-Berlinerin, BÃ¼cherwurm, Musik- und Schuhliebhaberin ğŸ‘¡ ğŸ¼ğŸŒ³ğŸŒ¾ğŸ„ğŸğŸ“š"
129,Gottfried Hermann GrÃ¶he,hermann.groehe,CDU,2716,684,661,"Bundestagsabgeordneter fÃ¼r Dormagen, Grevenbroich, Neuss & Rommerskirchen 
Stellv. Vorsitzender der @cducsubt
Stellv. Vorsitzender @onlinekas"
130,Gregor Gysi,gregorgysi,DIE LINKE,147686,86,429,"im Wahlkreis 84 Berlin Treptow-KÃ¶penick direkt gewÃ¤hlter Bundestagsabgeordneter, Die Linke"
131,Gunther Krichbaum,gunther_krichbaum,CDU,1279,587,497,"ğŸ—³ï¸Direkt gewÃ¤hlter Bundestagsabgeordneter seit 2002
ğŸ“Wahlkreis Enzkreis/Pforzheim 
ğŸ‡ªğŸ‡ºEuropapolitischer Sprecher CDU/CSU-Bundestagsfraktion"
132,GÃ¶kay Akbulut,g.akbulut_mdb,DIE LINKE,3339,2026,756,"ğŸ› Bundestagsabgeordnete fÃ¼r Die LINKE. 
ğŸ‘©â€ğŸ‘©â€ğŸ‘§â€ğŸ‘¦ Migrations-, Familien- & TÃ¼rkeipolitik 
âœŠğŸ¼Frauenpolitische Sprecherin
Federal Parl. Milletvekili"
133,GÃ¶tz FrÃ¶mming,goetzfroemming,AfD,9821,823,1687,Mitglied des Deutschen Bundestages
134,GÃ¼listan YÃ¼ksel,guelistan.yueksel,SPD,3548,980,620,"ğŸ›ï¸ Bundestagsabgeordnete 
â™¥ï¸ FÃ¼r #MÃ¶nchengladbach
ğŸŒ¹ @spdbt @spdde 
âš½ Vorsitzende #FohlendesBundestages ğŸ’š@borussia"
135,Hakan Demir,hakandemirnk,SPD,9667,3364,1188,"FÃ¼r NeukÃ¶lln im Bundestag (SPD)
Arbeiter:innenkind | Innen- und Sozialpolitik | starke Demokratie | Menschenrechte | Migration
ğŸŒ± Natur âš½ï¸ FuÃŸball"
136,Hannes Gnauck,hannesgnauck,AfD,6701,1507,853,"MdB aus der Uckermark fÃ¼r die @afdimbundestag | Mitglied des Verteidigungsausschusses | Vorsitzender der @ja_deutschland 
Bundesvorstand @afd.bund"
137,Hans-Peter Friedrich,hanspeter.friedrich,CSU,3484,1415,330,"ğŸ Bundestagsabgeordneter: Hof, Wunsiedel
ğŸ”¹@csu_bt 
ğŸ’ª#somachmers
â¡ï¸ WahlkreisbÃ¼ro: SchÃ¼tzenstraÃŸe 1 ,95028 Hof"
138,Harald Ebner,harald_ebner_mdb,GRÃœNE,1474,681,178,Mitglied des deutschen Bundestages
139,Heidi Reichinnek,heidireichinnek,DIE LINKE,60955,598,556,"Co-Vorsitzende @dielinkebt
Sprecherin fÃ¼r Kinder, Jugendliche, Senior:innen & Soziales"
140,Heike Engelhardt,heike.engelhardt,SPD,2141,881,533,"ğŸ› Bundestagsabgeordnete | @spdbt 
ğŸŒ¹ Kreisvorsitzende | @spd.kreis.ravensburg 
ğŸ« StadtrÃ¤tin und Fraktionsvorsitzende | @stadt.ravensburg"
141,Heike Heubach,heikeheubachspd,SPD,7844,2639,175,"ğŸŒ¹ Bundestagsabgeordnete fÃ¼r Augsburg-Land & Aichach-Friedberg
ğŸŒ¹ Beisitzerin der SPD Frauen Augsburg Land
ğŸŒ¹ OV-Vorsitzende der SPD Stadtbergen"
142,Heike Martina Brehmer,heike_brehmer_mdb,CDU,1335,925,547,Mitglied des Deutschen Bundestages fÃ¼r Harz und Salzland
143,Helge Frederik Lindh,helgelindh,SPD,8892,1557,1588,Ihr Bundestagsabgeordneter fÃ¼r Wuppertal I ğŸšŸ| Mehr Menschlichkeit in der Politik ğŸ’ª
144,Helge Reinhold Braun,braunhelge,CDU,11402,126,233,"ğŸ›Bundesminister a. D.
ğŸ“Mitglied des Bundestages fÃ¼r GieÃŸen/Alsfeld"
145,Helge Stefan Limburg,helgelimburg,GRÃœNE,3202,1016,432,"ğŸ›ï¸ Bundestagsabgeordneter
ğŸ‘¨â€âš–ï¸ Rechtspolitischer Sprecher @gruenebundestag
ğŸ“ Niedersachsen
â¬‡ï¸ Komm in meinen WhatsApp-Channel â¬‡ï¸"
146,Hendrik Hoppenstedt,hendrikhoppenstedt,CDU,4765,472,659,"Bundestagsabgeordneter fuÌˆr den Wahlkreis Hannover Land I, Niedersachsen
Parlamentarischer GeschÃ¤ftsfÃ¼hrer der CDU/CSU-Bundestagsfraktion"
147,Herbert Wollmann,herbert.wollmann,SPD,1308,550,386,"Mitglied des Bundestages (MdB) fÃ¼r die #Altmark
ğŸŒ¹@spdbt #jawollmann 
Ausschuss fÃ¼r Gesundheit und SportausschussğŸ§¬ğŸ†ğŸš£ğŸ»â€â™€ï¸ 
ğŸ˜ï¸ Stadtrat fÃ¼r Stendal"
148,Hermann FÃ¤rber,hermannfaerber,CDU,1306,572,533,"ğŸ“Direkt gewÃ¤hlt im Landkreis GÃ¶ppingen
ğŸ› CDU-Bundestagsabgeordneter
ğŸŒ¾ Vorsitzender des Ausschusses fÃ¼r ErnÃ¤hrung & Landwirtschaft"
149,Holger Becker,dr_holger_becker,SPD,1545,934,479,"ğŸ’»Bundestagsabgeordneter fÃ¼r #jena#sÃ¶mmerda
#weimarerland 
ğŸ¡OrtsteilbÃ¼rgermeister Jena-West 2013-24
ğŸŒ¹Sozialdemokrat
ğŸ’¼CSO bei @microfluidic_chipshop"
150,Holger Mann,holgermannle,SPD,1790,1571,639,"ğŸ’ª FÃ¼r Leipzigs Norden im Bundestag
ğŸŒ¹ Vorsitzender @spdleipzig"
151,Ingeborg Gabriele GrÃ¤ÃŸle,inge.graessle,CDU,1919,1432,700,"ğŸ› CDU-Bundestagsabgeordnete
ğŸ  Wahlkreis 269 Backnang - SchwÃ¤bisch GmÃ¼nd
ğŸ—‚ Haushalt; Bildung & Forschung"
152,Ingmar Ludwig Jung,ingmarjung,CDU,2718,1020,190,"Hessischer Minister fÃ¼r Landwirtschaft und Umwelt, Weinbau, Forsten, Jagd und Heimat. 
Privat und politisch hier."
153,Ingo Bodtke,ingobodtke,FDP,3083,3027,1707,"ğŸ› Bundestagsabgeordneter @fdpbt 
ğŸ‘©â€ğŸŒ¾ Ausschuss ErnÃ¤hrung & Landwirtschaft 
ğŸ’¼ Vorsitzender der AG fÃ¼r ErnÃ¤hrung und Landwirtschaft der @fdpbt"
154,Ingo Peter Wellenreuther,ingowellenreuther,CDU,1230,548,246,"ğŸ‘¤ Bundestagsabgeordneter fÃ¼r Karlsruhe von 2002 bis 2021
âš–ï¸ Vorsitzender Richter am Landgericht a.D."
155,Ingo SchÃ¤fer,ingo.schaefer.nrw,SPD,1151,489,901,"ğŸš’ Feuerwehrmann 
ğŸ”´ Sozialdemokrat
ğŸ› Mitglied des Deutschen Bundestages
ğŸ“Remscheid, Solingen, W-Cronenberg & Ronsdorf"
156,Ingrid Johanna Nestle,nestle.ingrid,GRÃœNE,1413,350,399,"ğŸŒ Sprecherin fÃ¼r #Klima und #Energie @gruenebundestag
ğŸ“WK Steinburg-Dithmarschen-SÃ¼d
ğŸŒ»Co-Sprecherin der GrÃ¼nen Landesgruppe SH
ğŸ’¡Wirtschaftsingenieurin"
157,Irene Mihalic,irene.mihalic,GRÃœNE,3676,733,611,"MdB aus #Gelsenkirchen 
Erste Parlamentarische GeschÃ¤ftsfÃ¼hrerin @gruenebundestag #Innenpolitik4Life"
158,Jakob Blankenburg,jakob.blankenburg,SPD,4760,495,400,"ğŸ‘‹ FÃ¼r LÃ¼chow-Dannenberg und LÃ¼neburg im Bundestag
ğŸŒ± Umwelt- und Nachhaltigkeit bei @spdbt
ğŸŒ¹ Landesvorstand @spdniedersachsen"
159,Jan Korte,jankorte77,DIE LINKE,10681,3597,1849,"Abgeordneter @dielinkebt, Mitglied des Kulturausschusses, Wahlkreis Anhalt. Schwerpunkt: Geschichtspolitik. Stellv. Vorsitzender @rosaluxstiftung."
160,Jan Metzler,jan.metzler,CDU,4071,3110,617,"Rhoihesse â¤ï¸, WinzerğŸ·, Dipl.-Betriebswirt ğŸ“und Bundestagsabgeordneter ğŸ‡©ğŸ‡ª fÃ¼r Worms, Alzey-Worms sowie den sÃ¼dlichen Teil von Mainz-Bingen."
161,Jana Schimke,janaschimke,CDU,5050,452,599,
162,Jasmina Hostert,jasminahostert,SPD,6737,1749,755,"ğŸ›MdB fÃ¼r den Kreis BÃ¶blingen
ğŸ‘¨â€ğŸ‘©â€ğŸ‘§â€ğŸ‘¦ Familienausschuss
âš½ï¸ Sportausschuss
ğŸŒ¹stellv. Landesvorsitzende SPD BW
â¤ï¸Vorsitzende @spd.kreis.boeblingen"
163,Jens Beeck,jensbeeck,FDP,4922,944,1341,"ğŸ’› MdB fÃ¼r @fdpbt 
ğŸ™ï¸ Teilhabepolitischer Sprecher
ğŸ“ Wahlkreis 031: Mittelems
ğŸ’¼ Rechtsanwalt"
164,Jens Brandenburg,jens.brandenburg,FDP,4337,1321,228,"ğŸ“š Parlamentarischer StaatssekretÃ¤r bei der Bundesbildungsministerin
ğŸ’› Mitglied des Deutschen Bundestages @fdpbt 
ğŸ’¬ TB (TeamBrandenburg) & ich"
165,Jens Peick,jenspeick,SPD,2054,1270,319,"Mitglied des Bundestages - Wahlkreis Dortmund I
Sozi ğŸŒ¹ Ju Jutsu  ğŸ¥‹  Gitarrist  ğŸ¸"
166,Jens Teutrine,jensteutrine,FDP,7446,809,302,"ğŸ› Bundestagsabgeordneter 
ğŸ—½ Freiheit, Marktwirtschaft & Aufstiegschancen
 ğŸ“£ liberale Sozial- & Pflegepolitik
ğŸ“Herford"
167,Jens Zimmermann,jenszspd,SPD,3762,536,1702,SPD-Bundestagsabgeordneter fÃ¼r den Wahlkreis Odenwald 187 â€¢ Digitalpolitischer Sprecher der @spdbt â€¢ EuropÃ¤er ğŸ‡ªğŸ‡º
168,Jessica Nadine Tatti,jessica_tatti,DIE LINKE,3352,237,395,"Bundestagsabgeordnete @buendnis_sahrawagenknecht 
Wahlkreis Reutlingen, Baden-WÃ¼rttemberg"
169,Jessica Rosenthal,jessi_rosenthal,SPD,11844,851,364,"ğŸŒ¹Bundestagsabgeordnete fÃ¼r Bonn @spd_bonn 
ğŸ‘©â€ğŸ’¼Lehrerin
âœŠWer nicht kÃ¤mpft, hat schon verloren"
170,Joe Weingarten,joe_weingarten,SPD,1467,881,379,"Mitglied des Deutschen Bundestag               Wahlkreisabgeordneter Bad Kreuznach / Birkenfeld ğŸ“
Hier postet das Team aus Berlin und dem Wahlkreis."
171,Johann Saathoff,j.saathoff,SPD,6283,3324,2845,"Ehemann & Vater, Ostfriese, Sozialdemokrat
Direkt gewÃ¤hlter MdB fÃ¼r Aurich-Emden, Parl. StaatssekretÃ¤r b. d. Bundesministerin des Innern u. fÃ¼r Heimat"
172,Johannes Arlt,johannes_arlt,SPD,4276,2245,696,"ğŸ’¼ Offizier, EuropÃ¤er ğŸ‡ªğŸ‡º, Sozialdemokrat & ğŸ‘¬+ğŸ‘¶
ğŸ¯ Co-Vorsitzender @spd.mse
ğŸ¢ Mitglied des Bundestags (WK 17 #MSE /#LRO)
ğŸ“¯ info@johannesarlt-mv.de"
173,Johannes Fechner,fechnerjohannes,SPD,2858,2042,648,"ğŸ‡©ğŸ‡ªğŸ‡ªğŸ‡º SPD-Bundestagsabgeordneter - Emmendingen-Lahr - seit 2013 - 
Parlamentarischer GeschÃ¤ftsfÃ¼hrer der SPD-Fraktion. 
ğŸ›Motto: zuRecht in Berlin."
174,Johannes Schraps,johannes.schraps,SPD,7717,7496,1484,"Bundestagsabgeordneter der SPD fÃ¼r das #weserbergland
Nachrichten bitte direkt an johannes.schraps@bundestag.de"
175,Johannes Vogel,johannesvogel,FDP,16268,1511,1738,"ğŸ’› Stv. Bundesvorsitzender der @fdp 
ğŸ—½ 1. Parlamentarischer GeschÃ¤ftsfÃ¼hrer @fdpbt 
ğŸ“ Sauerland | Berlin"
176,Johannes Wagner,hannes4future,GRÃœNE,5506,1671,1077,"ğŸ› Gesundheitspolitiker im Bundestag 
ğŸš‘ Arzt und Kinderarzt in Weiterbildung 
ğŸŒ Klima, Gesundheit und FahrrÃ¤der"
177,Josef Oster,josef_oster,CDU,2580,594,2047,"ğŸ’¼ Abgeordneter @bundestag ğŸ‡©ğŸ‡ª
ğŸ“ Wahlkreis Koblenz
ğŸ›ï¸ Innenpolitiker & Obmann @cducsubt im Innenausschuss
ğŸ—£ï¸ Kreisvorsitzender @cdukoblenz"
178,Josef Rief,josefrief,CDU,1554,186,1029,"Landwirt ğŸ– & CDU-Bundestagsabgeordneter ğŸ‘¨ğŸ»â€ğŸ’¼
Haushaltsausschuss ğŸ’¶
FamilienausschussğŸ‘¨â€ğŸ‘©â€ğŸ‘§â€ğŸ‘¦"
179,Josip Juratovic,josip.mdb,SPD,1489,295,625,"ğŸ”§ Unser #Arbeiter in Berlin 
âœŠğŸ» fÃ¼r Heilbronn im Bundestag seit 2005
ğŸ”´ Arbeit, Soziales & Europa
ğŸ—£ï¸ Sozialdemokrat @spdde"
180,Julian Simon GrÃ¼nke,juliangruenke,FDP,843,430,109,"Dein liberaler Bundestagsabgeordneter fÃ¼r TÃ¼bingen-Hechingen!Â ğŸ’›ğŸš€
Mitglied im Umwelt- & BildungssauschussÂ ğŸŒ±ğŸ“"
181,JÃ¶rn Harald KÃ¶nig,katharinakoenig,AfD,29038,1615,2146,"#Antifaschistin / Das Private ist politisch / dies & das / sitzt, laÌˆuft & steht auch mal fÃ¼r @die_linke_th im ThuÌˆringer Landtag / â¤ï¸ #antifa"
182,JÃ¼rgen Kretz,juergen.kretz,GRÃœNE,1329,2281,377,Mitglied des @bundestag fÃ¼r den Wahlkreis Rhein-Neckar - @gruenebundestag @die_gruenen @gruenebw (er/ihm)
183,JÃ¼rgen Lenders,juergenlenders,FDP,1496,659,727,"Mitglied des Bundestages
Verkehrsausschuss âœˆï¸
Sprecher fÃ¼r LSBTI der @fdpbt ğŸŒˆ"
184,Kai Gehring,kai.gehring,GRÃœNE,7752,4283,2427,"Vorsitzender Ausschuss Bildung+Forschung
ğŸ§‘ğŸ»â€ğŸ”¬ğŸ”¬WissenschaftsfreiheitğŸ“šğŸ³â€ğŸŒˆChancen fÃ¼r alle @gruenebundestag EssenğŸŒ»Arbeiterkind im Bundestag
ğŸŒ83 Countries"
185,Karamba Diaby,drkarambadiaby,SPD,24253,858,1174,"MdB fÃ¼r #hallesaale #kabelsketal #petersberg #landsberg
ğŸ–‡ AuswÃ¤rtiger Ausschuss 
ğŸ–‡ Ausschuss fÃ¼r wirtschaftliche Zusammenarbeit und Entwicklung"
186,Karl BÃ¤r,karl.baer,GRÃœNE,2110,311,488,"ğŸŒ»Mitglied des Deutschen Bundestags @gruenebundestag 
ğŸ“aus dem bayerischen Oberland
ğŸŒ±Obmann im Agrarausschuss 
FÃ¼r Umweltschutz in der Landwirtschaft"
187,Karlheinz Busen,karlheinz.busen,FDP,2486,178,38,"Mitglied des Deutschen Bundestages 
Sprecher fÃ¼r Jagd ğŸ— und Forst ğŸŒ² der @fdpbt"
188,Karsten Hilse,karstenhilse,AfD,2050,316,25,"Mitglied des Deutschen Bundestages 
Klimapolitischer Sprecher der AfD-Bundestagsfraktion"
189,Karsten Klein,klein.karsten,FDP,3069,982,946,"ğŸ’› Bundestagsabgeordneter der FDP
ğŸ’¶ Obmann im Haushaltsausschuss
ğŸ›ï¸ Chef der @fdp_landesgruppe_bayern 
ğŸ˜ Stadtrat in Aschaffenburg"
190,Kassem Taher Saleh,kassem.tahersaleh,GRÃœNE,8675,951,625,"ğŸ‰ğŸ‘·â€â™‚ï¸Von der Baustelle in den Bundestag: 
Bau- & Wohnpolitiker, Dipl. Bauingenieur 
ğŸ—ï¸ Obmann im Bauausschuss Â 
ğŸŒ» FÃ¼r Dresden & Sachsen in Berlin"
191,Kathrin Henneberger,kathrin.henneberger,GRÃœNE,3994,819,1263,"FÃ¼r #Klimagerechtigkeit Abgeordnete im #Bundestag /Member of the German Parliament fighting for #ClimateJustice ğŸŒˆğŸ¦„ğŸ’š
âœ‰ kathrin.henneberger@bundestag.de"
192,Katja Adler,katj_ad,FDP,2052,956,678,"ğŸ“šAutorin â€Rolle rÃ¼ckwÃ¤rts DDR?â€œ 
Hessische Brandenburgerin, kritisch, liberal
Mitglied des Deutschen Bundestages 
Sport am liebsten in der Natur"
193,Katja Hessel,hesselkatja,FDP,2225,897,716,"Bundestagsabgeordnete ğŸ›ï¸
Parl. StaatssekretÃ¤rin beim Bundesminister der Finanzen ğŸ¦ 
Landesvorsitzende der @fdpbayern ğŸ’›
Wahlkreis NuÌˆrnberg ğŸ¥¨"
194,Katja Keul,katjakeul,GRÃœNE,2605,190,422,"Abgeordnete im Deutschen Bundestag
fÃ¼r den WK Nienburg II/Schaumburg @gruenebundestag ğŸŒ»ğŸ’šğŸ•Š
Staatsministerin im AuswÃ¤rtigen Amt @auswaertigesamt"
195,Katrin Budde,katrin_budde,SPD,1289,351,467,"Bundestagsabgeordnete
ğŸ­ Vorsitzende Ausschuss Kultur und Medien
ğŸ“ Wahlkreis 74: Landkreis Mansfeld-SÃ¼dharz und Teile des Saalekreises"
196,Katrin Staffler,katrinstaffler.mdb,CSU,3132,2114,1039,"ğŸ‡©ğŸ‡ª Bundestagsabgeordnete fÃ¼r FFB/DAH 
ğŸ¤ğŸ©µ Heimatliebe 
ğŸ’• Working-Mom
ğŸ”¬ Zukunft made in Germany"
197,Kaweh Mansoori,kawehmansoori,SPD,5778,355,773,"ğŸ‘¨ğŸ»â€ğŸ³ Hobbykoch aus Frankfurt
âš–ï¸ mag das Gesetz
ğŸ¦ stellv. MinisterprÃ¤sident Hessen
ğŸ”´ Vorsitzender @spd_hessen_sued"
198,Kay Gottschalk,kay.gottschalk.mdb.111,AfD,5212,279,1401,Stellv. Bundessprecher der AfD | Finanzpolitischer Sprecher der AfD-Fraktion im Deutschen Bundestag
199,Kerstin Griese,kerstingriese,SPD,4514,2129,1475,"ğŸŒ¹ SPD-Bundestagsabgeordnete 
ğŸ¡ #Ratingen #Velbert #WÃ¼lfrath #Heiligenhaus
ğŸ§° Parlamentarische StaatssekretÃ¤rin @bmas_bund 
â›ªï¸ Mitglied Rat EKD"
200,Kerstin Vieregge,kerstinvieregge,CDU,2431,1178,1421,"ğŸ‡©ğŸ‡ª Im Bundestag fÃ¼r den Wahlkreis Lippe      
ğŸ›ï¸ Obfrau der @cducsubt im Verteidigungsausschuss"
201,Kevin KÃ¼hnert,kuehnikev,SPD,112973,1614,445,"FÃ¼r Tempelhof-SchÃ¶neberg im Bundestag
Ein â¤ï¸ fÃ¼r âš½ï¸ğŸ¤¾ğŸ»â€â™‚ï¸ğŸâ›°ğŸ—ğŸ³ï¸â€ğŸŒˆ"
202,Kevin Leiser,kevinleiserhohenlohe,SPD,1840,733,482,Aus SchwÃ¤bisch Hall - Hohenlohe fÃ¼r die SPD im Bundestag | Sicherheit ğŸ›¡ï¸ | LÃ¤ndliche RÃ¤ume ğŸï¸ | SozialdemokratieğŸŒ¹â¤ï¸
203,Klaus Mack,_klausmack_,CDU,2966,710,1837,"ğŸ‡©ğŸ‡ªMitglied des Deutschen Bundestages, ğŸ™‹â€â™‚ï¸Vorsitzender Regionalverband Nordschwarzwald, ğŸŒ²Vorsitzender Forum Weisstanne e.V."
204,Klaus Wiener,klauswienercdu,CDU,1017,226,731,"Euer CDU Bundestagsabgeordneter fÃ¼r Erkrath, Haan, Hilden, Langenfeld, Mettmann, Monheim ğŸ‘"
205,Klaus-Peter Willsch,klauspeterwillsch,CDU,3253,477,99,"Deine starke Stimme fÃ¼r unsere Heimat.
ğŸ—£ Klartextsprecher 
ğŸ’¼ Dipl.-Volkswirt
ğŸ‡©ğŸ‡ª MdB @cducsu
ğŸ˜ Rheingau-Taunus / Limburg 
#klarewerteklareworte"
206,Knut Gerschau,knut.gerschau,FDP,1644,867,478,"ğŸ› Wirtschaftl. Zusammenarbeit & Entwicklung
ğŸ¥ Globale Gesundheit
ğŸ‡¦ğŸ‡« Enquete-Kommission Afghanistan
ğŸ“¢ Bildung, Bildung, Bildung! 
ğŸ“ Berlin | Hannover"
207,Konstantin Elias Kuhle,konstantin.kuhle,FDP,22629,3236,1823,"ğŸ´ Vorsitzender @fdpnds 
ğŸ—³ FÃ¼r SÃ¼dniedersachsen im Bundestag
ğŸ› Stellv. Vorsitzender @fdpbt 
ğŸ“ GÃ¶ttingen/Hannover/Berlin"
208,Kordula Anna Paula Schulz-Asche,schulzasche,GRÃœNE,1540,436,368,"Link zur NDR Redezeit: https://www.ndr.de/nachrichten/info/epg/30-Jahre-Pflegeversicherung-Ist-das-System-am-Ende,sendung1437280.html"
209,Kristian Klinck,kristian_klinck_spd,SPD,1407,308,497,"ğŸŒ¹ SPD-Bundestagsabgeordneter 
ğŸ›ï¸ Wahlkreis NeumÃ¼nster-PlÃ¶n 
ğŸ’¼ Lehrer & Hauptmann d.R."
210,Kristine LÃ¼tke,kristine_lutke,FDP,4168,1006,1352,"ğŸ›Abgeordnete @fdpbt
ğŸ¥¦Sprecherin Sucht- und Drogenpolitik
ğŸ¥Obfrau im Gesundheitsausschuss
ğŸ’›Schatzmeisterin @fdpbayern
ğŸ‘©ğŸ¼â€âš•ï¸Pflegeunternehmerin
ğŸ“Roth"
211,Lamya Kaddor,lamyakaddor,GRÃœNE,7058,456,1050,"Mitglied des Deutschen Bundestags fÃ¼r @gruenebundestag
Islam- & Erziehungswissenschaftlrn @uni_duisburg_essen
Lehrerin & Kolumnistin @tonline.de u.a."
212,Lars Castellucci,larscastellucci,SPD,7028,2747,2309,"ğŸ’¡Fortschrittsoptimist #wirdgut
ğŸ¯ Wiesloch/Rhein-Neckar - Berlin
ğŸ› Stellv. Vorsitzender Innenausschuss
ğŸ“® Bundestagsabgeordneter @spdbt"
213,Lars Klingbeil,larsklingbeil,SPD,79063,1963,2595,"ğŸ’» Bundestagsabgeordneter
ğŸ’¼ Parteivorsitzender der @spdde 
â¤ï¸ MusikğŸ§, FCBâš½ï¸, MunsterğŸ¡
ğŸ‘‡ Aktuelles:"
214,Lars Lindemann,lflindemann,FDP,630,337,74,GeneralsekretÃ¤r @fdp_berlin | Oberst d.R. | EuropÃ¤er
215,Lars Rohwer,lars.rohwer.politik,CDU,20264,955,1406,"#vollerEnergie & vernetzt im #Bundestag fÃ¼r den #Wahlkreis160 (Elbe, RÃ¶der & Dresdner Heide) mit Kultur, Natur und Lebensfreude. GlÃ¼ck auf, Sachsen! ğŸ€"
216,Laura Manuela Kraft,laura.kraft.gruene,GRÃœNE,1235,578,525,"ğŸ› Bundestagsabgeordnete fÃ¼r den Kreis Siegen-Wittgenstein @gruenebundestag
ğŸ‘©â€ğŸ”¬Obfrau im Ausschuss fÃ¼r Bildung, Forschung und TechnikfolgenabschÃ¤tzung"
217,Lena Werner,thereallenzii,SPD,4853,2008,560,"Bundestagsabgeordnete im WK Eifel Mosel | SPDğŸŒ¹
Feministinâš§ | SwiftieğŸ«¶ğŸ» | WirtschaftğŸ§® | TourismusğŸ—º
#eifelkreisbitburgprÃ¼m | #vulkaneifel | #bkswil"
218,Leon Eckert,leckert_,GRÃœNE,2950,690,876,"ğŸŒˆ Mitglied des Deutschen Bundestages
ğŸ‘¨â€ğŸš’ Feuerwehrmann | @feuerwehreching
ğŸ’¼ 3. BÃ¼rgermeister | @eching.de
â˜”ï¸ Vorsitzender | @dkkv_germandrr"
219,Lina Seitzl,lina_seitzl,SPD,3181,1739,805,"ğŸ“ Konstanz am Bodensee
 ğŸ“£ fÃ¼r den Landkreis Konstanz im Bundestag
ğŸ‘‰ stv. Ausschussvorsitzende fÃ¼r ğŸ“š&ğŸ‘©ğŸ»â€ğŸ”¬
ğŸ¤ KreisrÃ¤tin"
220,Linda Heitmann,linda.altona,GRÃœNE,2051,791,628,"MdB fÃ¼r Hamburg @gruene_altona ğŸŒ»
Sprecherin fÃ¼r Umwelt ğŸŒ±und Verbraucher*innenschutz ğŸ›’, Gesundheitspolitikerin ğŸ©ºLangstreckenlÃ¤uferin ğŸƒğŸ»â€â™€ï¸HH-SÃ¼lldorf ğŸ¡"
221,Luise Amtsberg,amtsbergluise,GRÃœNE,23756,2377,556,"Beauftragte der Bundesregierung fÃ¼r Menschenrechtspolitik und humanitÃ¤re Hilfe
Bundestagsabgeordnete aus #Kiel"
222,Luiza Licina-Bode,luizalicinabode,SPD,1265,572,581,"ğŸ“Œ Mitglied im Deutschen Bundestag fÃ¼r Siegen-Wittgenstein
ğŸ“Œ Mitglied im Rechtsausschuss
ğŸ“Œ Tatkraft fÃ¼r Siegen-WittgensteinğŸ’ª"
223,Lukas Benner,benner_lukas,GRÃœNE,3920,818,287,"ğŸŒ» MdB fÃ¼r die StÃ¤dteRegion Aachen 
âš–ï¸ Progressive Rechtspolitik @gruenebundestag"
224,Maja Scarlett Wallstein,maja_wallstein,SPD,6192,2153,594,"Einblicke in den Alltag deiner SPD-Bundestagsabgeordneten fÃ¼r Cottbus/Spree-NeiÃŸe und FuÃŸballschiedsrichterin. â¤ï¸ & âš½ï¸ 
Unparteiisch/ nicht parteilos!"
225,Malte Kaufmann,malte.kaufmann,AfD,7408,1654,2914,"Verheiratet, 4 Kinder. Obmann der AfD-Bundestagsfraktion im Wirtschaftsausschuss. Vorsitzender AfD Heidelberg. Konservativ, christlich, freiheitlich."
226,Manuel Gava,manuelosna,SPD,3524,2204,389,"ğŸ›ï¸+ğŸ‡ªğŸ‡ºğŸ‡©ğŸ‡ªğŸ‡®ğŸ‡¹+ğŸŒ¹+âš½ï¸ğŸ’œ+ğŸ»+ğŸ¥ŠğŸƒğŸ» Direkt gewÃ¤hlter Bundestagsabgeordneter fÃ¼r OsnabrÃ¼ck, Belm, GeorgsmarienhÃ¼tte, Hagen aTW, Hasbergen und Wallenhorst. #Ehrenjob"
227,Manuel HÃ¶ferlin,manuelhoeferlin,FDP,2251,827,655,"MdBğŸ› 
Innenpolitischer Sprecher @fdpbt 
KÃ¤mpfer fÃ¼r Digitalisierung 
FamilienvaterğŸ‘¨â€ğŸ‘©â€ğŸ‘§ RheinhesseğŸ· IT-UnternehmerğŸ’» Hobby-ImkerğŸ SportpilotğŸš€"
228,Marc Henrichmann,marc_henrichmann,CDU,1913,472,988,"Leidenschaftlicher MÃ¼nsterlÃ¤nder,
Mitglied des Deutschen Bundestages,
gewÃ¤hlt im WK 127 (Coesfeld-Steinfurt II),
Mitglied im Innenausschuss und PKGr."
229,Marcel Emmerich,herr_emmerich,GRÃœNE,2834,1323,974,"ğŸ› Mitglied des Bundestags fÃ¼r Ulm & Alb-Donau. Obmann im Innenausschuss.
ğŸŒ» Parteirat @gruenebw
âš½ï¸ @vfb @ssvulmfussball 
ğŸ€ @ratiopharmulm"
230,Marco Buschmann,marcobuschmann,FDP,28743,3012,2301,"âš–ï¸ Bundesminister der Justiz
ğŸ› Mitglied des Deutschen Bundestags
ğŸŸ¡ Freier Demokrat
ğŸ“Berlin und Gelsenkirchen 
#vielzutun"
231,Maria-Lena Weiss,marialenaweiss,CDU,2097,991,762,"ğŸ› Bundestagsabgeordnete fÃ¼r Rottweil-Tuttlingen
âš¡ Klima und Energie
âš–ï¸ RechtsanwÃ¤ltin
ğŸ‘§ Mama von Paula, Clara und Elisa
ğŸ‘‡ Mein WhatsApp Channel"
232,Marie-Agnes Strack-Zimmermann,strackzimmermann,FDP,61017,661,1196,Europaabgeordnete (MdEP) ğŸ‡ªğŸ‡º | Mitglied im FDP-PrÃ¤sidium | Vorsitzende Verteidigungsausschuss @euparlament | BÃ¼rgermeisterin a.D. | Bikerin ğŸï¸
233,Mario Brandenburg,mario.brandenburg,FDP,3692,1648,1061,"ğŸ‡©ğŸ‡ª Mitglied des Deutschen Bundestages
ğŸ’¡ Parlamentarischer StaatssekretÃ¤r @bmbf.bund 
ğŸ’ª FDP 
ğŸ¤– ITNerd &ğŸ·Pfalzkind ğŸ›ï¸ Techno"
234,Mario Czaja,mario_czaja,CDU,8281,768,817,"ğŸ¡ Im @bundestag fÃ¼r #Biesdorf, #Hellersdorf, #Kaulsdorf, #Mahlsdorf & #Marzahn, Senator a.D. in #Berlin  ğŸ¥ PrÃ¤sident des @drk_berlin"
235,Mark Helfrich,mark.helfrich.cdu,CDU,1191,194,289,"Ihr Bundestagsabgeordneter fÃ¼r Steinburg, Dithmarschen SÃ¼d und Bad Bramstedt."
236,Markus GrÃ¼bel,markus.gruebel,CDU,1138,214,382,Abgeordneter des Deutschen Bundestages (Wahlkreis Esslingen)
237,Markus Reichel,markus.reichel.cdu,CDU,1799,634,1123,"ğŸ’› FÃ¼r Dresden im Bundestag @cducsubt
ğŸ§‘â€ğŸ’» Arbeit & Soziales, Digitales
ğŸ§® 20J. Unternehmer, Mathematiker, 5 Kids
ğŸ¥‹ AikidÅ, 3 schwarze GÃ¼rtel"
238,Marlene Edeltraud SchÃ¶nberger,lime_green_leni,GRÃœNE,6449,2491,1199,"ğŸ“FÃ¼r Niederbayern im Bundestag
âŒ AntisemitismusbekÃ¤mpfung
âœ¡ï¸ FÃ¶rderung jÃ¼dischen Lebens
ğŸ“š Politische Bildung"
239,Marlon BrÃ¶hr,marlonbroehr,CDU,2362,306,301,"ğŸ› Bundestagsabgeordneter des Wahlkreises Mosel/Rhein-HunsrÃ¼ck 
ğŸ”·ï¸ Mitglied des Verteidigungs- und Petitionsausschusses
@cdu"
240,Martin Diedenhofen,martindiedenhofen,SPD,4378,1779,569,"Bundestagsabgeordneter @spdbt | 
Wahlkreis Neuwied/Altenkirchen ğŸ¤
ğŸ‡©ğŸ‡ªğŸ‡ªğŸ‡º"
241,Martin Plum,martin.plum.cdu,CDU,1442,491,826,"ğŸ“ MdB fÃ¼r den @kreis_viersen 
ğŸ‘¨â€ğŸ‘©â€ğŸ‘§â€ğŸ‘¦ Familienpapa
ğŸŒ³ Niederrheiner
ğŸ‘¨â€ğŸ³ Hobbykoch"
242,Martin Reichardt,martin.reichardt.afd,AfD,11457,689,1540,"Mitglied des Bundestages
Familienpolitischen Sprecher
der @afdimbundestag
Landesvorsitzender der @afd_lsa
Mitglied des Bundesvorstands der @afd.bund"
243,Martin Rosemann,rosemannm,SPD,1649,446,1038,SPD Bundestagsabgeordneter fuÌˆr den Wahlkreis TuÌˆbingen-Hechingen
244,Matthias Gastel,gastelmatthias,GRÃœNE,4407,3542,1162,"Mitglied des Bundestages, Mitglied im Verkehrsausschuss und im Tourismusausschuss, Schwerpunkt Bahn BÃ¼ndnis 90/Die GrÃ¼nen
Anfragen bitte per Mail!"
245,Matthias Hauer,matthias.hauer.mdb,CDU,3270,1511,880,Bundestagsabgeordneter ğŸ‡©ğŸ‡ª | Direktmandat ğŸ—³ | Essen ğŸ˜ und Ruhrgebiet ğŸ™ | Finanzen ğŸ’¶ und Digitales ğŸ‘¨ğŸ¼â€ğŸ’» | Anwalt âš–ï¸ | gegen Extremismus ğŸ”
246,Matthias Helferich,matthiashelferichafd,AfD,6652,574,1266,"Populist, 36, Dortmund"
247,Matthias Miersch,matthiasmiersch,SPD,8108,1001,889,"ğŸŒ¹  Sozialdemokrat
ğŸ’¼  GeneralsekretÃ¤r @spdde
ğŸ« Schulprojekt: How to: be united"
248,Max Lucks,max_lks,GRÃœNE,51609,3679,1245,Bundestagsabgeordneter fÃ¼r @bochum_de | AuÃŸenpolitik und Menschenrechtspolitik fÃ¼r @gruenebundestag
249,Maximilian Mordhorst,maximilianmordhorst,FDP,3994,597,429,"Bundestagsabgeordneter aus Kiel
â€¢ Finanzen, Digitales & Start-Ups ğŸš€
â€¢ Stellv. Vorsitz Junge Gruppe @fdpbt ğŸ¤³
â€¢ Vorstand @fdp_sh âœŒğŸ½"
250,Maximilian Rick MÃ¶rseburg,0711max,CDU,4076,2904,537,"Mitglied des Deutschen Bundestages @cdu 
ğŸ“direkt gewÃ¤hlt in Stuttgart
ğŸŒInternationales @junge_union"
251,Mechthild Heil,mechthild_heil,CDU,2413,638,1628,ğŸ‡©ğŸ‡ª Bundestagsabgeordnete â¤ï¸ Dipl.-Ing. Architektin ğŸ‘©ğŸ»â€ğŸ’¼Vors. Gruppe der Frauen @cducsubt ğŸ‘©â€ğŸ‘©â€ğŸ‘§â€ğŸ‘§ Vors. @kfd_bundesverband
252,Mechthilde Wittmann,mechthilde.wittmann,CSU,2304,785,1079,"Mitglied @bundestag
Wahlkreis: Kempten | Lindau | OberallgÃ¤u
â€¢Innenpolitische Sprecherin der CSU
â€¢Finanzausschuss
â€¢Ausschuss fÃ¼r Inneres und Heimat"
253,Melanie Wegling,melanie.wegling,SPD,1558,421,554,"ğŸ›ï¸Bundestagsabgeordnete fÃ¼r den Kreis GroÃŸ-Gerau
ğŸ—ï¸ Genossenschaftsbeauftragte @spdbt
ğŸŒ¹Sozialdemokratin @spdde
ğŸ‘£ Mutter
â›©ï¸ Sinologin"
254,Melis Sekmen,melis_sekmen,GRÃœNE,5438,711,662,"ğŸ’™ğŸ–¤ WaldhÃ¶ferin
Bundestagsabgeordnete fÃ¼r Mannheim @cducsubt 
ğŸš€ Start-ups | ğŸ¥ Health Economy | âš™ï¸ Mittelstand
ğŸš£ğŸ»â€â™€ Rudern"
255,Merle Spellerberg,merle_spellerberg,GRÃœNE,4911,1359,470,"Mitglied des Deutschen Bundestags
@gruenebundestag 
Sicherheit â€¢ Feminismus â€¢ AbrÃ¼stung â€¢ Demokratie
ğŸ“Dresden/Sachsen"
256,Metin Hakverdi,metin.hakverdi,SPD,3287,1447,1412,âš“ï¸Hamburg Bergedorf/Harburg/Wilhelmsburg - MdB - ğŸ‡ªğŸ‡º Europa - ğŸ’¶ Haushalt - USA - THW
257,Michael Alexander Theurer,michael_theurer,FDP,4683,631,1208,"Familienvater, Vorstand @deutsche.bundesbank"
258,Michael Breilmann,mbreilmann,CDU,2062,4901,1277,"Fraktionsvorsitzender der CDU Castrop-Rauxel. Mitglied des Deutschen Bundestages fÃ¼r die StÃ¤dte Recklinghausen, Castrop-Rauxel und Waltrop."
259,Michael Eckardt Thews,michaelthews,SPD,2251,733,1962,"SPD-Bundestagsabgeordneter @spdbt fÃ¼r Hamm, LÃ¼nen, Selm, Werne | Haushaltsausschuss | Umweltausschuss | #thewsdirekt"
260,Michael Frieser,michael_frieser,CSU,4464,775,1683,#MdB #Bundestagsabgeordneter und Justiziar der @cducsubt aus #Nuernberg #Franken #Bayern
261,Michael Georg Link,michael_g_link,FDP,1538,202,188,"ğŸš€ Stellv. Fraktionsvorsitzender @fdpbt 
ğŸ‡ºğŸ‡¸ğŸ‡¨ğŸ‡¦ Transatlantischer Koordinator @auswaertigesamt 
ğŸ’› Bundesvorstand @fdp"
262,Michael Georg Schrodi,michaelschrodi,SPD,2664,479,1242,ğŸ’¶ Finanzpolitischer Sprecher der @spdbt                   ğŸ› MdB fÃ¼r Dachau & FÃ¼rstenfeldbruck                   âœŠğŸ¼Sprecher AG Verteilungsgerechtigkeit
263,Michael Gerdes,michaelgerdesmdb,SPD,1027,54,237,"ğŸ›ï¸ SPD-Bundestagsabgeordneter fÃ¼r #bottrop, #gladbeck und #dorsten
ğŸ–¤â¤ï¸ Bergmann & Familienmensch
ğŸ‘¨â€ğŸ‘©â€ğŸ‘§â€ğŸ‘¦ Arbeit, Soziales, Familie, Bildung, Kommunen"
264,Michael Grosse-BrÃ¶mer,michaelgrossebroemer,CDU,2764,273,430,MdB (MP) - @cducsubt - Vors. Wirtschaftsausschuss des Deutschen Bundestages - Rechtsanwalt und Notar a.D. - #nurderHSV - Waidmann ğŸ“¯
265,Michael Karl Brand,mensch_brand,CDU,2231,54,1061,"Mensch, WeltbÃ¼rger, Lokalpatriot, MdB"
266,Michael Kellner,mi.kellner,GRÃœNE,8665,395,855,"MdB fÃ¼r Uckermark, Barnim & Brandenburg, parl. Sts BMWK und Mittelstandsbeauftragter der Bundesregierung, der hier in eigener Sache postet. Impressum:"
267,Michael Kruse,michael.kruse.75,FDP,3438,1773,1008,"ğŸ› Energiepolitik & HÃ¤fen @fdpbt 
ğŸ’› @fdp_hamburg
ğŸ—½ Bundesvorstand @fdp
ğŸ–¤ğŸ¤ğŸ’™ #nurderhsv
ğŸ’» Biostats
ğŸ¥ FranzbrÃ¶tchenliebe
ğŸ• Dogs ğŸ˜
âš“ï¸/ğŸ» Hamburg/Berlin"
268,Michael Roth,michael.roth.mdb,SPD,17944,2343,755,"MdB seit 98 â€¢ Chef AuswÃ¤rtiger Ausschuss 
â¤ï¸ ğŸ‡ªğŸ‡ºğŸ‡ºğŸ‡¦ğŸ‡®ğŸ‡±ğŸ‡¬ğŸ‡ª 
#Osteuropa #Westbalkan #freiheitsliebend #Sozi #Kaffee #BrotbÃ¤cker #Bergwanderer #Optimist"
269,Monika GrÃ¼tters,monikagruetters.cdu,CDU,1155,412,269,"Mitglied des Deutschen Bundestages 
Wahlkreisabgeordnete fÃ¼r Berlin-Reinickendorf
Staatsministerin fÃ¼r Kultur und Medien a.D."
270,Muhanad Al-Halak,al_halak_m,FDP,23273,687,533,"ğŸ› FDP-Bundestagsabgeordneter
ğŸ”± Aquaman der @fdpbt
ğŸ‘¨ğŸ»â€ğŸ’¼ FDP-Kreisvorsitzender
âš–ï¸ Kreisrat Freyung-Grafenau
âš”ï¸ Stadtrat Grafenau
ğŸ—³ Wahlkreis Deggendorf"
271,Nadine Ruf,ruf_nadine_ruf,SPD,1457,3523,676,"- Mom of a #girlgang ğŸ’– 
- Bundestagsabgeordnete fÃ¼r Wiesbaden (SPD)
- Ich mag Gerechtigkeit, offene Menschen und den weltbesten Ehemann"
272,Nadja Sthamer,nadja_sthamer,SPD,3564,1086,598,"ğŸš€ Bundestagsabgeordnete fÃ¼r den Leipziger SÃ¼den @spdbt 
â¤ï¸âœŠ @jusosleipzig und @spdleipzig"
273,Natalie Pawlik,natalie.pawlik,SPD,7124,4248,792,"ğŸ“Deine Bundestagsabgeordnete fÃ¼r die Wetterau
ğŸ›Beauftragte der Bundesregierung fÃ¼r Aussiedlerfragen und nationale Minderheiten
ğŸŒ¹Sozialdemokratin"
274,Nico Tippelt,nicotippelt,FDP,3171,4889,692,"Obmann u. Sprecher Tourismus @fdpbt ğŸŒ´
PrÃ¤sident Kunstverein Art Gluchowe ğŸ¨
#standwithukraine #israel â¤ï¸
Hier kommentieren mein Team (TNT) und ich ğŸ’›"
275,Nicolas Benjamin Zippelius,n_zippelius,CDU,3132,804,463,"ğŸ› Direkt gewÃ¤hlter Bundestagsabgeordneter fÃ¼r Karlsruhe-Land â¤ï¸ #vonhierfÃ¼reuch 
âœï¸ AuÃŸen und Digitales
ğŸ«¶ @cducsubt 
âš½ @fvgg_weingarten / @scfreiburg"
276,Nicole HÃ¶chst,hoechstnicole,AfD,21243,1510,3939,"Mutter von 4 Kindern
Regierungsschuldirektorin a.D.
Deutsch, Englisch, FranzÃ¶sisch, Italienisch
AfD Politikerin aus Berufung und mit Leidenschaft"
277,Niels Annen,nielsannen,SPD,5614,960,2148,MdB. Hamburg-EimsbÃ¼ttel. Parlamentarischer StaatssekretÃ¤r bei der BMin fÃ¼r wirtschaftliche Zusammenarbeit und Entwicklung. Hier privat.
278,Niklas Wagener,niklaswagener,GRÃœNE,2113,1563,295,"MdB aus Aschaffenburg/Unterfranken/Bayern ğŸ’š
Stadtrat ğŸŒ» FÃ¼r den Wald in Berlin ğŸŒ³
Ausschuss fÃ¼r ErnÃ¤hrung und Landwirtschaft & Verteidigungsausschuss."
279,Nina Scheer,ninascheer_spd,SPD,1587,175,462,SPD-Bundestagsabgeordnete fÃ¼r Herzogtum Lauenburg/Stormarn-SÃ¼d - Sprecherin fÃ¼r Klimaschutz und Energie der @spdbt
280,Nina Stahr,nina.stahr,GRÃœNE,3342,1129,719,Landesvorsitzende von @gruene_berlin
281,Norbert KleinwÃ¤chter,norbert.kleinwaechter,AfD,4232,119,1505,"Norbert KleinwÃ¤chter, 
Mitglied der AfD-Fraktion des 20. Deutschen Bundestags.
Mitglied des Ausschusses ""EuropÃ¤ische Union"""
282,Olaf Scholz,bundeskanzler,SPD,1994570,107,1079,"Bundeskanzler der Bundesrepublik Deutschland. EuropÃ¤er. Demokrat. 
FÃ¼r #Respekt und eine starke #Demokratie. 
Federal Chancellor of Germany"
283,Olaf Scholz,olafscholz,SPD,234287,532,1467,"ğŸ“ŒBundestagsabgeordneter im Wahlkreis 61 
ğŸ“ŒSozialdemokrat @spdde 
ğŸ“Œ@bundeskanzler"
284,Oliver Kaczmarek,kaczmarekoliver,SPD,2202,802,705,"ğŸ› Bundestagsabgeordneter  im Wahlkreis Unna I 
ğŸŒ¹ Sozialdemokrat
ğŸ“Œ Kamener
ğŸ’ Wanderfreund mit Rotem Rucksack"
285,Oliver Klaus Grundmann,mdb.oliver.grundmann,CDU,894,159,129,"ğŸ¤ Ihr Bundestagsabgeordneter
ğŸ‘‰ Seit 2013 Mitglied des Deutschen Bundestages
ğŸ¯ Wahlkreis Stade I â€“ Rotenburg II"
286,Oliver Krischer,oliver_krischer,GRÃœNE,7451,360,228,"GrÃ¼ner Minister fÃ¼r Umwelt, Naturschutz und Verkehr in NRW ğŸŒ»"
287,Oliver Luksic,olliluksic,FDP,9995,6857,2160,"Parlament. StaatssekretÃ¤r @bmdv Aufsichtsratsvorsitzender @autobahn_bund
LavoSi @fdp_saar MdB @fdpbt 
ğŸ¥˜ Foodlover â˜•ï¸ addict ğŸ’› @fckoeln"
288,Oliver Vogt,olivervogt.de,CDU,3089,535,833,ğŸ‡©ğŸ‡ª CDU-Bundestagsabgeordneter aus dem Kreis Minden-LÃ¼bbecke ğŸ“² Die Storys pflegt mein Team
289,Omid Nouripour,nouripour,GRÃœNE,41369,112,2582,"Bundesvorsitzender von @die_gruenen
FÃ¼r Frankfurt im Bundestag, fÃ¼r Frieden und Eintracht international, Ø¢Ø²Ø§Ø¯Ù‰"
290,Ottilie Paola Klein,ottilie.klein,CDU,4194,1033,1156,"Mit Herz. FÃ¼r Berlin. ğŸ§¡
Mitglied des Deutschen Bundestages                                        GeneralsekretÃ¤rin der @cduberlin"
291,Ottmar Wilhelm Holtz,owvonholtz,GRÃœNE,1326,580,202,"Mitglied des Bundestages @gruenebundestag @gruene_hildesheim
#entwicklungspolitik #afrika
Ãœberzeugt von der Wirkung der UN-Nachhaltigkeitsziele #sdg"
292,Otto Fricke,otto_fricke,FDP,5084,506,414,"ğŸ’›Freiheitsfreund
ğŸš€Haushaltspolitischer Sprecher der FDP-Bundestagsfraktion
ğŸŒWahlkreis Krefeld I & Neuss II
ğŸ‘‡ğŸ‘‡ğŸ‘‡ğŸ‘‡ğŸ‘‡ğŸ‘‡ğŸ‘‡ğŸ‘‡ğŸ‘‡ğŸ‘‡ğŸ‘‡ğŸ‘‡ğŸ‘‡ğŸ‘‡ğŸ‘‡"
293,Parsa Marvi,parsa.marvi,SPD,2088,742,849,"Abgeordneter @spdbt fÃ¼r Karlsruhe ğŸ‡©ğŸ‡ªğŸ‡ªğŸ‡º 
Stellv. Vorsitzender @spd_bawue 
https://www.spdfraktion.de/system/files/documents/position-ki-leitlinien.pdf"
294,Pascal Felix Ernst Kober,pascalkober,FDP,4687,1602,528,"MdB | FDP | Sprecher Arbeit & Soziales | Bundesopferbeauftragter I Wahlkreis Reutlingen | MilitÃ¤rseelsorger | Reservist |
ğŸ—| ğŸª‚ |ğŸƒğŸ¼â€â™‚ï¸| ğŸ´"
295,Pascal Meiser,pascal.meiser.36,DIE LINKE,2288,153,1199,Alternder FuÃŸballer ğŸ”º Gewerkschafter ğŸ”º Mitglied des Deutschen Bundestags 2017-2024 ğŸ”º DIE LINKE ğŸ”º Wahlkreis F'hain-Kreuzberg-Prenzlauer Berg Ost
296,Patricia Lips,patricia.lips.mdb,CDU,1246,475,390,"Bundestagsabgeordnete fÃ¼r den WK187
Stellv. Fraktionsvorsitzende der @cducsubt fÃ¼r die Themen Europa und Menschenrechte"
297,Patrick Schnieder,pschnieder,CDU,4428,1664,3222,"ğŸ”¹ MdB fÃ¼r den Wahlkreis 202 Bitburg
ğŸ”¹ Parlamentarischer GeschÃ¤ftsfÃ¼hrer der @cducsubt
ğŸ”¹ mehr Infos hier â¬‡ï¸"
298,Paul Ziemiak,paulziemiak,CDU,32154,1096,1865,"ğŸ› Mitglied des Deutschen Bundestages
ğŸ™ï¸ GeneralsekretÃ¤r @cdunrw 
ğŸ¡ Iserlohner"
299,Peggy Schierenbeck,peggy.ist.da,SPD,1767,915,1285,"ğŸŒ¹ MdB der @spdbt fÃ¼r Diepholz - Nienburg I
ğŸ™‹ğŸ¼â€â™€ï¸ FÃ¼r Dich im Ausschuss ErnÃ¤hrung und Landwirtschaft & Ausschuss fÃ¼r Inneres und Heimat"
300,Peter Aumer,pete_aum,CSU,3711,3931,1494,"Mitglied des Deutschen Bundestages
ğŸ“Regensburg
#hoertzupacktan #hartnaeckigdranbleiben"
301,Peter Beyer,peterbeyerbundestag,CDU,3222,1595,950,"Mitglied des Deutschen Bundestages @cducsubt
#Transatlantik-Koordinator der Bundesregierung (2018-2022)
Obmann i. d. #Enquete-Kommission #Afghanistan"
302,Peter Felser,peter_felser,AfD,3072,129,337,"Mitglied des Deutschen Bundestages
ğŸ”µ AfD | ğŸ“OberallgÃ¤u-Kempten-Lindau
Mitglied im Ausschuss fÃ¼r ErnÃ¤hrung und Landwirtschaft ğŸŒ¾"
303,Peter Heidt,advocatopeter,FDP,2225,1470,1295,"ğŸ’¼ Mitglied des Deutschen Bundestages 
ğŸŒ Menschenrechtspolitischer Sprecher @fdpbt 
ğŸ”— Kreistagsabgeordneter #Wetterau
ğŸŒ‡ Stadtverordneter #BadNauheim"
304,Petr Bystron,petr.bystron,AfD,17063,173,1256,AuÃŸenpolitischer Sprecher & Obmann im AuswÃ¤rtigen Ausschuss ğŸ‡©ğŸ‡ª  â¬ï¸Telegramâ¬ï¸
305,Petra Angelika Pau,petra.pau.direkt,DIE LINKE,3263,659,653,"MdB fÃ¼r @dielinke & VizeprÃ¤sidentin des Bundestages
â¤ï¸ Marzahn-Hellersdorf
âœŠBÃ¼rgerrechte, Demokratie & Religionsfreiheit
ğŸš« Antisemitismus & Rassismus"
306,Petra Nicolaisen,nicolaisenpetra,CDU,1861,1836,331,"ğŸ‘‰ HÃ¤nde in der Erde, statt Kopf in den Wolken.
ğŸ¦¸ğŸ¼â€â™€ï¸ Mutter, Oma & Hundemama
ğŸ‡©ğŸ‡ª MdB   |   CDU ğŸ–¤
ğŸ“ FL & SL-FL ğŸ”µâšªï¸ğŸ”´
ğŸš¨ Inneres, Kommunales & Blaulicht"
307,Petra Sitte,petra_sitte_mdb,DIE LINKE,1515,246,521,"Sprecherin fÃ¼r Forschungs-, Technologie- und Innovationspolitik der LINKEN im Bundestag"
308,Philip KrÃ¤mer,philip.kraemer,GRÃœNE,2492,1000,214,Mitglied des Bundestages fÃ¼r SÃ¼dhessen @gruenebundestag | Stv. Vorsitzender Sportausschuss | Verteidigungsausschuss | Enquete-Kommission Afghanistan
309,Philipp Amthor,philipp.amthor,CDU,115484,830,664,Mitglied des Deutschen Bundestages (CDU)
310,Rainer Johannes Keller,rainerkeller1965,SPD,829,727,314,Bundestagsabgeordneter der SPD fÃ¼r den Wahlkreis Wesel I. #denganzenwahlkreisimblick #kreiswesel  #vollereinsatz #ausrespekt #sozialepolitikfÃ¼rdich
311,Rainer Semet,rainersemet,FDP,1176,458,515,"ğŸ› MdB der @fdp ausğŸ“Pforzheim/Enzkreis
ğŸ— Bauen und Wohnen (Obmann) &
ğŸ—º AuswÃ¤rtiges fÃ¼r die @fdpbt 
ğŸ“£ Vorsitzender der @fdppforzheim"
312,Ralf Stegner,stegner_smiles,SPD,4283,635,2292,"ğŸ’¼ MdB fÃ¼r Pinneberg
âœŠ SPD
â¤ï¸ schlÃ¤gt links
ğŸ™Ohne Plastiksprache
ğŸ“SH
ğŸ“º Tatort
â™¦ï¸ Skat
âš½ï¸ HSV
ğŸ“¸ Photothek"
313,Ralph Brinkhaus,ralph_brinkhaus,CDU,13622,938,676,"â¡ï¸ Mitglied des Deutschen Bundestags
â¡ï¸ Mitglied der @cducsubt 
â¡ï¸ Abgeordneter fÃ¼r den Wahlkreis GÃ¼tersloh I
â¡ï¸ Die Stories pflegt mein Team (TB)"
314,Ralph EdelhÃ¤uÃŸer,ralph_edelhaeusser,CSU,4361,4246,1531,"Direkt gewÃ¤hlter Bundestagsabgeordneter fÃ¼r Roth und das NÃ¼rnberger Land
Erster BÃ¼rgermeister a. D. der Stadt Roth
Transparent â®Kompetent â®BÃ¼rgernah"
315,Ralph Lenkert,ralph.lenkert,DIE LINKE,1212,604,321,"#abgeordneter im #bundestag, Sprecher fÃ¼r #Umwelt, #Energie und #Klimapolitik der @linksfraktion und fÃ¼r die @dielinkejena im #stadtrat von #jena"
316,Rasha Nasr,rasha_nasr,SPD,38915,2824,718,"Bundestagsabgeordnete fÃ¼r Dresden â™¥ï¸ @spdbt 
Co-Vorsitzende @spddresden mit @albrechtpallas ğŸ«±ğŸ½â€ğŸ«²ğŸ¼
Anfragen bitte per Mail rasha.nasr@bundestag.de âœŒï¸"
317,Rebecca Schamber,rebecca.schamber.spd,SPD,1998,892,918,"ğŸ‘©ğŸ¼â€ğŸ’¼ Bundestagsabgeordnete 
ğŸŒ¹ Sozialdemokratin
ğŸ“ Neustadt am RÃ¼benberge"
318,Reem Alabali-Radovan,reem.alabaliradovan,SPD,16092,1000,363,"ğŸ™‹ğŸ»â€â™€ï¸ Bundestagsabgeordnete
ğŸ¡ Schwerin & Westmecklenburg 
ğŸ›@integrationsbeauftragte & 
Antirassismus-Beauftragte
ğŸŒ¹ Sozialdemokratin"
319,Reinhard Arnold Houben,reinhardhouben,FDP,2451,596,536,"ğŸ’¼: Mitglied des Deutschen Bundestags 
ğŸš€: Wirtschaftspolitischer Sprecher der @fdpbt.
ğŸ“: KÃ¶ln/Berlin"
320,Reinhard Brandl,reinhard.brandl,CSU,5647,2879,517,"MdB ğŸ¤Mit vollem Einsatz @cducsubt 
ğŸ“Wahlkreis Ingolstadt
ğŸª–Verteidigung
ğŸ“±Digitales"
321,Renata Alt,renataalt_mdb,FDP,2769,323,1096,"ğŸ™‹ğŸ¼â€â™€ï¸ FDP-Bundestagsabgeordnete fÃ¼r WK 262 NÃ¼rtingen
ğŸŒ Vorsitzende des Ausschusses fÃ¼r Menschenrechte & humanitÃ¤re Hilfe
ğŸ•Š Twitter @RenataAlt_MdB"
322,Renate Elly KÃ¼nast,renatekuenast,GRÃœNE,6467,576,561,"Feministin, Foodie, GÃ¤rtnerin, AnwÃ¤ltin, Sozialarbeiterin, MdB bei @gruenebundestag"
323,Ricarda Lang,ricardalang,GRÃœNE,79351,2208,1607,Bundesvorsitzende von @die_gruenen
324,Robin Mesarosch,mesarosch,SPD,38252,1191,769,"Bundestagsabgeordneter fÃ¼r uns in Balingen, Albstadt, Sigmaringen, Bad Saulgau und fÃ¼r alle drumrum. Von der SPD. Ehrlicher HÃ¤ndedruck, offene Ohren."
325,Robin Till Nils Johannes Wagener,robin_wagener,GRÃœNE,2889,835,743,"AuÃŸenpolitiker @gruenebundestag ğŸŒ» 
Koordinator @auswaertigesamt ğŸŒ 
Lokalpolitiker @gruenelippe ğŸŒ¹ 
EuropÃ¤er ğŸ‡ªğŸ‡º  Jurist Â§  Christ âœï¸  Karateka ğŸ¥‹"
326,Ruppert Fritz Johannes StÃ¼we,stueweru,SPD,2218,690,781,"Bundestagsabgeordneter
ğŸš© Kreisvorsitzender der @spd_steglitzzehlendorf 
ğŸ“šğŸ”¬ ğŸ“ğŸª„ Ausschuss fÃ¼r Bildung+Forschung
ğŸš‡ğŸš‹ğŸš²ğŸ›¹ MobilitÃ¤t der Zukunft"
327,Sabine Poschmann,poschmannsabine,SPD,2250,394,944,"â¤ï¸ FÃ¼r Dich. FÃ¼r Dortmund.
ğŸ›ï¸ SPD-Bundestagsabgeordnete 
ğŸƒâ€â™€ï¸ Sportpolitische Sprecherin der @spdbt"
328,Sahra Wagenknecht,bsw.bund,DIE LINKE,53270,18,362,"Offizieller Account des #BSW
UnterstÃ¼tze uns mit einer Spende fÃ¼r eine bessere Politik!ğŸ‘‡ğŸ¼"
329,Sahra Wagenknecht,sahra_wagenknecht,DIE LINKE,264091,30,889,
330,Saliha Aydan Ã–zoÄŸuz,aydanoezoguz,SPD,9215,1008,1229,Hamburg ist meine Heimat - BundestagsvizeprÃ¤sidentin - Wahlkreis Hamburg-Wandsbek - AuÃŸenpolitik und immer der Zusammenhalt unserer Gesellschaft - SPD
331,Sanae Abdi,sanae_ccaa,SPD,3858,963,466,"ğŸŒ¹ Sozialdemokratin
ğŸ™‹ğŸ½â€â™€ï¸ Mitglied des Deutschen Bundestages
ğŸ—£ Entwicklungspolitische Sprecherin der @spdbt 
â¤ï¸ KÃ–LN - Kalk, Porz & Innenstadt"
332,Sandra Bubendorfer-Licht,bubendorfer,FDP,2335,1787,1680,"ğŸ› Mitglied des Bundestages @fdpbt
â›ªï¸ Religionspolitische Sprecherin @fdpbt
ğŸ—½ Obfrau im Innenausschuss"
333,Sandra Detzer,sandra_detzer,GRÃœNE,3197,2143,483,Wirtschaftspolitische Sprecherin @gruenebundestag | Bundestagsabgeordnete | WK Ludwigsburg | Landesgruppensprecherin @thelaend | CO2-freie WirtschaftğŸ’š
334,Sandra Weeser,sandra_weeser,FDP,3374,1928,1258,"ğŸ“: Westerwald 
ğŸ‘©â€ğŸ’¼: MdB, Vorsitzende des Wohn- und Bauausschusses, Mitglied Fraktionsvorstand (@fdpbt ) und BuVo (@fdp), Vorstand DFPV
ğŸ‡ªğŸ‡ºğŸ’›"
335,Sara Nanni,saranannni,GRÃœNE,2373,1430,723,"ğŸŒ» MdB 
ğŸ›¡ï¸ nicht gedient, trotzdem sicherheitspol.
Sprecherin @gruenebundestag 
âœŒğŸ¼Friedens- & Konfliktforscherin M.A.
ğŸŒHQ in DÃ¼sseldorf
sie/ihr,she/her"
336,Schahina Gambir,schahinag,GRÃœNE,4343,1575,674,"ğŸ›ï¸ Bundestagsabgeordnete @gruenebundestag fÃ¼r Minden-LÃ¼bbecke (NRW) 
ğŸ’Œ Anfragen nur per Mail an schahina.gambir@bundestag.de"
337,Sebastian Brehm,sebastianbrehmmdb,CSU,4308,3596,824,"Vorsitzender @mittelstandsunion .
Finanz- u. haushaltspolitischer Sprecher @csu_bt .
Mitglied des Deutschen Bundestages. 
ğŸ“Œ WK NÃ¼rnberg-Nord"
338,Sebastian Fiedler,fiedelseb,SPD,3213,1319,459,"Mitglied d. Bundestages fÃ¼r MÃ¼lheim & Borbeck â™¥ï¸|
Kriminalpolizist ğŸš”| Gewerkschafter ğŸ“£|
Transparenz ğŸ”| Kinderschutz ğŸ›¡| Innere Sicherheit ğŸš¨|"
339,Sebastian Hartmann,sebastianhartmann.spd,SPD,2301,333,1026,"ğŸ› Bundestagsabgeordneter
ğŸ“ Rhein-Sieg-Kreis
ğŸ—£ Innenpolitischer Sprecher der @spdbt 
ğŸš© Vorsitzender @spd.rheinsieg
ğŸ“© sebastian.hartmann@bundestag.de"
340,Sebastian MÃ¼nzenmaier,sebastian.muenzenmaier.afd,AfD,18307,1031,688,"Stellv. Fraktionsvorsitzender
Neues Magazin:
https://www.muenzenmaiers-magazin.de/print/"
341,Sebastian SchÃ¤fer,sebastian_es_bt,GRÃœNE,1177,449,554,"ğŸ‘¨â€ğŸ‘§â€ğŸ‘¦ Vater ğŸ’š GrÃ¼ner ğŸ· Genussmensch 
ğŸ“ˆ Finanzen ğŸŒ³ Klimaschutz
Bundestagsabgeordneter von BÃ¼ndnis 90 / Die GrÃ¼nen fÃ¼r den Wahlkreis Esslingen"
342,Sevim Dagdelen,sevim_dagdelen_,DIE LINKE,8802,3,1068,Mitglied des deutschen Bundestages.            Kontakt bitte per Mail.
343,Siemtje Victoria Regine Ilse Santjer MÃ¶ller,siemtje_moeller,SPD,11144,2214,1444,"Direkt gewÃ¤hlt in Friesland, Wilhelmshaven und Wittmund | Parl. StaatssekretÃ¤rin beim Bundesminister der Verteidigung | Working Mum, Ost-Friesin ğŸŒŠ"
344,Silke Launert,silkelaunert,CSU,5501,1279,1361,"MdB ğŸ¦ğŸ”·ğŸ‡©ğŸ‡ª Mama ğŸ‘¨â€ğŸ‘©â€ğŸ‘§â€ğŸ‘¦ + ğŸˆğŸˆ,ğŸ“Bayreuth, FrÃ¤nkin, Richterin a.D. ğŸ‘©ğŸ¼â€âš–, GenieÃŸerin ğŸğŸ±ğŸ«â˜•"
345,Simona KoÃŸ,kosssimona,SPD,1269,448,529,"ğŸ—³ï¸ Bundestagsabgeordnete fÃ¼r MOL und Barnim SÃ¼d (WK 59)
ğŸ“š SonderpÃ¤dagogin/SchulrÃ¤tin
ğŸ« Ehrenamtliche BÃ¼rgermeisterin in PrÃ¶tzel"
346,Simone Borchardt,simone.borchardt,CDU,2441,1224,1266,ğŸ‡©ğŸ‡ª Mitglied des Deutschen Bundestages (CDU)
347,Stefan Gelbhaar,stefangelbhaar,GRÃœNE,3484,795,315,"Abgeordneter im #Bundestag fÃ¼r Berlin und #Pankow, BÃ¼ndnis 90/ Die #GrÃ¼nen, angeblich seltene Art: #Berliner. ğŸŒ»"
348,Stefan Heck,stefanheck82,CDU,1882,1578,147,"ğŸ›ï¸CDU-Bundestagsabgeordneter
ğŸ—£ï¸Mitglied im Ausschuss fÃ¼r Inneres & Heimat und fÃ¼r ğŸ—³ï¸WahlprÃ¼fung, ImmunitÃ¤t & GeschÃ¤ftsordnung
ğŸ“Marburg-Biedenkopf"
349,Stefan Kaufmann,stuttgartstefan,CDU,3276,2262,340,"ğŸ’¡ Mich interessiert unsere Zukunft
ğŸ’§ Hydrogen Executive Advisor
ğŸ“ Stuttgart
â¤ï¸-Themen: Bildung, Forschung, LGBTTIQ"
350,Stefan MÃ¼ller,stefanmuellermdb,CSU,4277,2445,596,"Genossenschafter, Kochbuchsammler, Foodlover, Sportbegeisterter ğŸš´ğŸ»â€â™‚ï¸ğŸ‹ğŸ»â€â™‚ï¸ğŸƒğŸ»â€â™‚ï¸
Franke, Bayer, Teilzeit-MÃ¼nchner"
351,Stefan Nacke,stefan.nacke,CDU,1435,658,1068,"Bundestagsabgeordneter fÃ¼r MÃ¼nster ğŸ™‹ğŸ»â€â™‚ï¸
Aktuelles, Impressum & Datenschutz â¤µï¸"
352,Stefan Rouenhoff,stefanrouenhoff,CDU,1540,1011,652,"Mitglied des Deutschen Bundestages, Kreis Kleve, (Wahlkreis 112), Mitglied im Wirtschaftsausschuss, CDU, Volkswirt"
353,Stefan Schmidt,stefan_schmidt_mdb,GRÃœNE,1102,418,309,"ğŸ’š OberpfÃ¤lzer MdB 
ğŸ“Regensburg & Berlin
ğŸ§³Sprecher fÃ¼r Tourismuspolitik @gruenebundestag
Team Schmidt postet mit â¬‡ï¸"
354,Stefan Schwartze,stefan_schwartze,SPD,2574,639,918,SPD-Bundestagsabgeordneter fÃ¼r den Kreis Herford und die Stadt Bad Oeynhausen. Patientenbeauftragter der Bundesregierung @patientenbeauftragter
355,Stefan Seidler,stefan.seidler.ssw,SSW,2726,897,556,Der vom SSW im @bundestag â€¢ Minderheiten â€¢ Maritimes â€¢ Verkehr â€¢ RegionalitÃ¤t â€¢ Davor ğŸ‡©ğŸ‡°ğŸ‡©ğŸ‡ªğŸ‡ªğŸ‡º Koordinator im Land #schleswigholstein â€¢ @sswpresse
356,Stefan Zierke,stefan_zierke,SPD,1674,971,1001,"ğŸ› Bundestagsabgeordneter fÃ¼r Uckermark und Barnim
ğŸ§³ Tourismuspolitischer Sprecher @spdbt
ğŸ• PrÃ¤sident des BVCD (@campinglanddeutschland) und der DPG"
357,Steffen KotrÃ©,steffenkotre,AfD,3365,369,415,"Abgeordneter im Deutschen Bundestag. Energiepolitischer Sprecher der AfD-Fraktion ğŸ“ˆğŸ’¡
Sprecher der Landesgruppe Brandenburg ğŸŒ¾"
358,Steffi Lemke,lemke.steffi,GRÃœNE,9829,459,529,"Bundestagsabgeordnete aus Dessau-RoÃŸlau fÃ¼r @gruene_lsa ğŸ’š und Bundesministerin fÃ¼r Umwelt, Naturschutz, nukleare Sicherheit und Verbraucherschutz"
359,Stephan Mayer,stephanmayercsu,CSU,2195,316,83,ğŸ’¬ Mitglied des Deutschen Bundestags
360,Stephan Protschka,stephan.protschka.mdb,AfD,6210,583,2371,Bundestagsabgeordneter fÃ¼r Rottal-Inn/Dingolfing-Landau
361,Stephan Seiter,stseiter,FDP,1504,636,598,"ğŸ’› @fdpbt Sprecher fÃ¼r Forschung, Technologie, Innovation / ğŸ›ï¸ Stimme der Wissenschaft / ğŸŒ Ã–konom mit Vernunft / ğŸ‡ªğŸ‡º SchwÃ¤bischer EuropÃ¤er /ğŸ“Waiblingen"
362,Stephan Stracke,stephan_stracke_mdb,CSU,978,256,1170,"Politiker
Bundestagsabgeordneter fÃ¼r den wunderschÃ¶nen Wahlkreis 257 OstallgÃ¤u
Vorsitzender der Arbeitsgruppe Arbeit und Soziales der CDU/CSU-Fraktion"
363,Stephan Thomae,stephanthomae,FDP,3070,1886,1423,"ğŸ›ï¸Mitglied des Deutschen Bundestags
ğŸ‘‹ğŸ¼Parlamentarischer GeschÃ¤ftsfÃ¼hrer der @fdpbt 
ğŸ—£ï¸Vorstandsmitglied der @fdp 
ğŸ·Blasmusikfreund & Buchliebhaber ğŸ“š"
364,Susanne Ferschl,susanneferschl,DIE LINKE,2565,551,1619,"MdB DIE LINKE, BetriebsrÃ¤tin, Gewerkschafterin"
365,Susanne Hierl,susanne.hierl,CSU,1455,321,643,"ğŸ’™ğŸ¤Bayerin im Bundestag
ğŸ“Wahlkreis: Amberg, Amberg-Sulzbach, Neumarkt"
366,Susanne Marianne Hennig-Wellsow,susanne_hennig_wellsow,DIE LINKE,6461,1064,935,@dielinke | Mitglied im Deutschen Bundestag @linksfraktion | immer fÃ¼r ein gutes Leben fÃ¼r alle & gegen Faschismus in allen Formen.
367,Susanne Mittag,susanne.mittag.mdb,SPD,1272,277,779,"SPD-Bundestagsabgeordnete fÃ¼r Delmenhorst, die Wesermarsch und den Landkreis Oldenburg.
Meine Homepage ğŸ‘‡ğŸ¼"
368,Sven Lehmann,_svenlehmann_,GRÃœNE,30577,3416,1708,"ğŸ—³ï¸ Mitglied des Bundestages | â¤ï¸ KÃ¶ln SÃ¼dwest | ğŸ³ï¸â€ğŸŒˆ Queer-Beauftragter der Bundesregierung | ğŸ›ï¸ Parl. StaatssekretÃ¤r @bmfsfj | 
Privat-Profil."
369,Sven-Christian Kindler,svenchristiankindler,GRÃœNE,3210,989,1656,Fiscal Policy. Europe. Antifascism. Member of the Bundestag | Greens
370,Svenja Schulze,svenja.schulze.nrw,SPD,8404,513,630,"ğŸŒ Federal Minister for Economic Cooperation & Development | Bundesministerin fÃ¼r wirtschaftliche Zusammenarbeit & Entwicklung
ğŸ—³ï¸ MdB fÃ¼r MÃ¼nster"
371,Svenja Stadler,svenja.stadler,SPD,3594,1419,1534,"ğŸŒ¹ Bundestagsabgeordnete SPD
ğŸ’° Haushaltspolitikerin mit â¤ï¸ fÃ¼r ğŸŒ³ und ğŸ±ğŸ“
ğŸ“Wahlkreis LK Harburg â†”ï¸ Berlin
âœ‰ï¸ svenja.stadler@bundestag.de"
372,Sylvia Lehmann,lehmannspd,SPD,1915,883,1143,"SPD Bundestagsabgeordnete 
Wahlkreis Dahme-Spreewald/ Teltow-FlÃ¤ming III/ Oberspreewald-Lausitz I #wk62 
Regionen stÃ¤rken im Bund! #sylviamachts"
373,SÃ¶ren Pellmann,soerenpellmann,DIE LINKE,4890,1292,2873,"Direkt gewÃ¤hltes Mitglied des Bundestages fÃ¼r Leipzig-SÃ¼d, Vorsitzender @dielinkebt, stv. Vorsitzender der @linkefraktion_le"
374,Takis Mehmet Ali,takis_ma2021,SPD,7297,2427,580,"ğŸ‘¦ğŸ½Bundestagsabgeordneter SPD
â˜ğŸ½Landesrat Arbeit und Soziales - ab 01.01.25
ğŸ˜Teilhabepolitischer Sprecher @spdbt 
â™¥ï¸PersÃ¶nliches Profil
ğŸ³ï¸â€ğŸŒˆDiversitÃ¤t"
375,Thomas BareiÃŸ,thomasbareiss,CDU,5952,2293,1747,"ğŸ¡ FuÌˆr die Menschen, fuÌˆr unsere Heimat!
ğŸ› MdB Zollernalb-Sigmaringen. Vorsitzender @cdu Bezirk WÃ¼Ho, VerkehrspolSprecher @cducsubt"
376,Thomas Dietz,dorpat2000,AfD,1097,424,607,"Mitglied des Deutschen Bundestages
â–ªï¸Ausschuss Gesundheit
â–ªï¸Ausschuss Bauen und Wohnen
#keinewindkraftÃ¼berwald
WahlkreisbÃ¼ro
Am Altmarkt 7, 08280 #Aue"
377,Thomas Gebhart,thomas__gebhart,CDU,4365,1874,1261,"ğŸ—³ Bundestagsabgeordneter
ğŸŒ Obmann im Ausschuss fÃ¼r Klimaschutz & Energie
ğŸ‡ SÃ¼dpfalz"
378,Thomas Hacker,hacker_thomas,FDP,3131,1363,465,"ğŸ’¼ MdB fuÌˆr Bayreuth
ğŸ“¡ Sprecher fuÌˆr Europa- und Medienpolitik @fdpbt                                       
ğŸ—½ PraÌˆsident der Thomas-Dehler-Stiftung"
379,Thomas Heilmann,thomas_heilmann,CDU,4381,1008,603,"ğŸ‡©ğŸ‡ªBundestagsabgeordneter @cdu 
ğŸ“#Steglitz #Zehlendorf 
ğŸ“±Digital- und ğŸŒ¿ Klimapolitik
ğŸŒ± Vorsitzender @klimaunion
â¬‡ï¸Alle Social Accounts und Websitenâ¬‡ï¸"
380,Thomas Hitschler,thomashitschler,SPD,3205,510,1403,Direkt gewÃ¤hlter #MdB fÃ¼r die schÃ¶nste Region der Republik.  Parl. StaatssekretÃ¤r im #BMVg
381,Thomas Jarzombek,thomas_jarzombek,CDU,3776,465,1085,"Mitglied des Bundestages fÃ¼r DÃ¼sseldorf, Sprecher der CDU/CSU-Bundestagsfraktion fÃ¼r Bildung und Forschung"
382,Thomas Ludwig Walter Ehrhorn,thomas.ehrhorn,AfD,7962,54,86,"Alternative fÃ¼r Deutschland 
Mitglied des Deutschen Bundestages"
383,Thomas Maximilian Erndl,thomaserndl,CSU,2768,1517,1093,"ğŸ› Bundestagsabgeordneter fÃ¼r den Wahlkreis Deggendorf
ğŸ‡©ğŸ‡ª BÃ¼rger, Niederbayer & Ingenieur
ğŸ‘ª Familienvater"
384,Thomas Michael Konrad Seitz,mdbseitz,AfD,2232,10,195,UnabhÃ¤ngiger Bundestagsabgeordneter im Wahlkreis Emmendingen-Lahr (ehemals AfD)
385,Thomas Michael Sattelberger,th_sattelberger,FDP,12622,1307,654,"â¡ï¸Parlamentarischer StaatssekretÃ¤r a.D.
â¡ï¸MdB 2017-2022
â¡ï¸ehem. Personalvorstand Dt. Telekom AG & Continental AG"
386,Thomas RÃ¶wekamp,thomas_roewekamp,CDU,1121,552,246,"Moin. 
ğŸ“š Bildung 
ğŸŒ³ğŸ“Š Ã¶kologische Wirtschaft
ğŸ› Abgeordneter im Deutschen Bundestag fÃ¼r Bremen
ğŸƒ DauerlÃ¤ufer und ğŸš£â€â™€ï¸ Ruderer"
387,Thomas Silberhorn,thomas.silberhorn,CSU,1430,215,994,"ğŸ”¹Mitglied des Deutschen Bundestages
ğŸ“Bamberg-Forchheim
ğŸŒSprecher fÃ¼r transatlantische Beziehungen @cducsubt 
ğŸ‡©ğŸ‡ªParlamentarischer StaatssekretÃ¤r a.D."
388,Thomas Walther Rachel,thomas_rachel_mdb,CDU,3158,870,1219,"â–ªï¸MdB fuÌˆr den @kreis_dueren 
â–ªï¸Kirchenpolitischer Sprecher @cducsubt 
â–ªï¸Parlamentarischer StaatssekretaÌˆr a. D.
â–ªï¸Bundesvorsitzender @eakunion"
389,Thorsten Frei,thorsten.frei,CDU,9273,811,2871,"Erster Parlamentarischer GeschÃ¤ftsfÃ¼hrer der @cducsubt
Stv. Landesvorsitzender der @cdu_bw
OberbÃ¼rgermeister a.D.
BeitrÃ¤ge, Datenschutz und Impressum:"
390,Thorsten Rudolph,dr.thorsten.rudolph,SPD,1490,1430,822,Bundestagsabgeordneter fÃ¼r den Wahlkreis Koblenz.
391,Thorsten Willibald Lieb,thlieb,FDP,1842,788,496,"ğŸ§® | Haushalts-& âš–ï¸Rechtspolitiker @fdpbt
ğŸŒ† | Kreisvorsitzender @fdpffm 
ğŸ’› | Stv. Landesvorsitzender @fdp_hessen
RUNNERğŸƒğŸ¼â€â™‚ï¸| COFFEE ADDICTâ˜•ï¸"
392,Till Berthold Mansmann,tillmansmann,FDP,2270,1252,992,"ğŸ“ BergstrÃ¤ÃŸer MdB @fdpbt 
ğŸ—ºï¸ Entwicklungspolitischer Sprecher
ğŸ‘¨ğŸ¼â€ğŸ”¬ Wasserstoffbeauftragter des @bmbf.bund
ğŸ’µ Finanzausschuss 
ğŸ’¡ Physiker"
393,Tilman Moritz Kuban,tilmankuban_,CDU,19581,3706,1097,"ğŸ›ï¸ Im Bundestag fÃ¼r die sÃ¼dliche Region Hannovers
ğŸ—£ï¸ Wirtschaft & Europa fÃ¼r @cducsubt 
âš½ï¸ 96-Fan Sturmfest&Erdverwachsen
#ï¸âƒ£ #Zukunftsmacher"
394,Tim KlÃ¼ssendorf,tim.kluessendorf,SPD,7547,614,387,"â–«ï¸MdB @spdbt fÃ¼r LÃ¼beck, Sandesneben & Berkenthin 
â–«ï¸Sprecher @pl.spd | Vorsitzender @spdluebeck"
395,Timon Gremmels,gremmels,SPD,3427,931,1365,"Hessischer Minister fÃ¼r Wissenschaft und Forschung, Kunst und Kultur. Vorsitzender des SPD-Bezirks Hessen-Nord."
396,Tina Rudolph,tina.rudolph.spd,SPD,2219,747,748,"ğŸ‘©ğŸ»â€ğŸ’¼Bundestagsabgeordnete fÃ¼r uns in WestthÃ¼ringen (WAK,UHK)
ğŸŒ²ThÃ¼ringerin, ğŸ“Eisenach
ğŸ¥ Ã„rztin
ğŸŒ¹Sozialdemokratin
ğŸ™Œâ¤ï¸#sustainability"
397,Tina Winklmann,tina_winklmann,GRÃœNE,1814,1216,1081,"BÃ¼ndnis90/DIE GRÃœNEN
Mitglied des Deutschen Bundestages 
Sportpolitische Sprecherin der GRÃœNEN Bundestagsfraktion 
#gruenebundestag
#grueneoberpfalz"
398,Tino Chrupalla,chrupallatino,AfD,36933,169,651,"Mitglied des Deutschen Bundestages
Fraktionsvorsitzender der #AfD
Bundessprecher der #AfD
Platz der Republik 1, 11011 Berlin"
399,Tino Sorge,tinosorge,CDU,2016,684,999,"ğŸ‡©ğŸ‡ªMdB &ğŸ‘¨ğŸ¼â€âš•ï¸Gesundheitspolitischer Sprecher @cducsubt 
ğŸ¡Wahlkreis Magdeburg, SchÃ¶nebeck, Calbe, Barby & BÃ¶rdeland 
ğŸš™Oldtimerfan &ğŸ‚ Snowboarder"
400,Tobias BjÃ¶rn Bacherle,tbbacherle,GRÃœNE,3940,978,849,"ğŸš¥ Mitglied des Bundestags
ğŸŒ» Digital- & AuÃŸenpolitik @gruenebundestag
ğŸ’» Obmann Ausschuss fÃ¼r Digitales 
ğŸ¥ @ditisschade! Festival"
401,Tobias Lindner,tobias.lindner.mdb,GRÃœNE,5547,3089,770,"Staatsminister @auswaertigesamt 
Bundestagsabgeordneter @gruenebundestag
SuÌˆdpfÃ¤lzer
Alle aktuellen Linksâ¤µï¸"
402,Tobias Matthias Peterka,tobiaspeterkamdb,AfD,3881,32,1330,"â—½Mitglied des Deutschen Bundestages (AfD)
â—½Mitglied im Rechtsausschuss 
â—½Stv. Landesgruppenchef Bayern
â—½Vorsitzender AfD Oberfranken"
403,Tobias Winkler,tobiaswinklermdb,CSU,1234,219,607,"ğŸ“ MdB fÃ¼r FÃ¼rth, FÃ¼rth-Land & NEA/BW | Heimatverbundener EuropÃ¤er ğŸ‡ªğŸ‡º | Vielgereister ğŸŒ | KÃ¤rwabou | Papa ğŸ‘¨â€ğŸ‘©â€ğŸ‘§ mit Streuobstwiese ğŸ’ğŸ“"
404,Torsten Herbst,herbsttorsten,FDP,1631,407,898,"ğŸ›ï¸ Mitglied des Deutschen Bundestages @fdp 
ğŸ’› Parlamentarischer GeschÃ¤ftsfÃ¼hrer @fdpbt
ğŸ’° Haushaltsausschuss @bundestag
ğŸ¤“ Schatzmeister der @fdp_sn"
405,Udo Schiefner,schiefnerudo,SPD,1428,651,625,Bundestagsabgeordneter fÃ¼r den Kreis Viersen Vorsitzender des Verkehrsausschusses im Bundestag       ğŸšŒğŸš²ğŸ›¤ï¸ğŸ›«ğŸš…  #spd ğŸŒ¹
406,Ulrich Lange,ulrich.lange.mdb,CSU,2142,1619,1014,"Mitglied des Deutschen Bundestages ğŸ‡©ğŸ‡ª
Stellvertretender Vorsitzender der CDU/CSU-Bundestagsfraktion @cducsubt"
407,Ulrich Lechte,ulrichlechte,FDP,2130,833,347,"ğŸ¤ Bundestagsabgeordneter @fdpbt 
â¤ï¸ AuÃŸenpolitischer Sprecher
ğŸ› Obmann im AuswÃ¤rtigen Ausschuss
ğŸ¥¨ Stellv. Landesvorsitzender @fdplgby 
ğŸ“Regensburg"
408,Ulrike Harzer,ulrike_harzer,FDP,1055,650,232,"âš’ï¸ Kreisvorsitzende @fdp_erzgebirge
ğŸ’› @fdp_sn
ğŸ›ï¸ fÃ¼r Sachsen im Bundestag"
409,Uwe Schmidt,uweschmidt.mdb,SPD,1812,1219,771,"SPD-Bundestagsabgeordneter fÃ¼r Bremen & BremerhavenğŸ’ªğŸ‡©ğŸ‡ª
Hafenfacharbeiterâš“ï¸ GewerkschafterâœŠ MofaliebhaberğŸ›µ Hundefreund ğŸ¶"
410,Uwe Wolfgang Werner Feiler,uwefeilermdb,CDU,1221,143,243,"ğŸ—³ Bundestagsabgeordneter @cducsubt
ğŸ“  #WK58 Oberhavel/Osthavelland 
ğŸ£ Passionierter Angler
ğŸ PSts a.D. @lebensministerium"
411,Valentin Christian Abel,valentin_christian_abel,FDP,2168,1291,362,"ğŸ‘¨ğŸ»â€ğŸ’» Bundestagsabgeordneter | ğŸ—½ @fdpbt
ğŸš¦ MobilitÃ¤tswende in progress
ğŸ  SchwÃ¤bisch Hall-Hohenlohe"
412,Verena Ute Hubertz,verenahubertz,SPD,9538,2454,608,"ğŸ“ FÃ¼r Trier-(Saarburg) im Bundestag 
ğŸ› Stellvertretende Fraktionsvorsitzende @spdbt 
ã€°ï¸ GrÃ¼nderin @kitchenstories_official"
413,Victor Angelo Perli,bundestagsperli,DIE LINKE,11267,695,1527,"Mitglied des Bundestages â€¢ Haushaltsausschuss â€¢ Linke â€¢ Meldeportal Mindestlohnbetrug.de
ğŸ“WolfenbÃ¼ttel"
414,Volker Mayer-Lay,volkermayerlay,CDU,4233,1665,997,"ğŸ› Mitglied des Deutschen Bundestags
ğŸ« Kommunalpolitiker
ğŸ‘¨ğŸ»â€ğŸ“ Jurist
ğŸª– Reservist"
415,Volker Michael Ullrich,volkerullrich,CSU,3898,1679,1479,"Mitglied des Deutschen Bundestages
CDU/CSU-Fraktion
ğŸ”¹Wahlkreis Augsburg & KÃ¶nigsbrunnâ €â €â €â €â €â €â €â €â €â €â € â €â €â €â €â €â €â €â €â €â €
X/Twitter: @VolkerUllrich
â¬‡ï¸ Mehr Infos:"
416,Volker Redder,docredder,FDP,1077,630,243,"ğŸ›ï¸ Bundestagsabgeordneter fÃ¼r Bremen und Bremerhaven 
ğŸ‘¨ğŸ»â€ğŸ’» Unternehmer 
â›µï¸ Bremer Urgestein"
417,Volker Wissing,volkerwissing,FDP,24339,1154,1265,"Bundesminister fÃ¼r Digitales und Verkehr
ğŸ“±ğŸš¶ğŸ»â€â™€ï¸ğŸš²ğŸšŒğŸš†ğŸ›©â›´ğŸš›ğŸƒ
Vorsitzender der FDP Rheinland-Pfalz ğŸ’›"
418,Volkmar Klein,volkmarklein,CDU,2421,857,1750,Bundestagsabgeordneter fuÌˆr Siegerland und Wittgenstein
419,Wiebke Esdar,wiebkeesdar,SPD,3667,1773,1115,ğŸ°Im Bundestag fÃ¼r Bielefeld und Werther |  ğŸ’¶Haushaltspolitik | â¤ï¸SPD | ğŸŠğŸ»â€â™€ï¸Schwimmerin | ğŸ§’ Mutter
420,Wiebke Papenbrock,wiebkepapenbrock,SPD,1638,765,473,"ğŸ›Bundestagsabgeordnete
ğŸ¡fÃ¼r Ostprignitz-Ruppin, die Prignitz und das Havelland
â™¥ï¸Brandenburgerin
ğŸŒ¹Sozialdemokratin"
421,Wilfried Oellers,wilfried.oellers,CDU,1271,196,439,Mitglied des Deutschen Bundestages fÃ¼r den Kreis Heinsberg
422,Wolfgang Dieter Stefinger,wolfgangstefinger,CSU,4116,2924,1171,"ğŸ¤ğŸ’™ MÃ¼nchner. Bayer. MdB. 
ğŸ—³ï¸ WK MÃ¼nchen-Ost
ğŸ“ˆğŸŒ Obmann im Ausschuss f. wirtschaftl. Zusammenarbeit u. Entwicklung
ğŸ§‘ğŸ¼â€ğŸ’» Mein Team kommentiert unter â€TSâ€œ"
423,Wolfgang Hellmich,wolfganghellmichspd,SPD,1076,426,161,Bundestagsabgeordneter fÃ¼r den Kreis Soest.
424,Yannick Bury,yannickbury,CDU,2748,760,630,"ğŸ“Im Bundestag fÃ¼r den Landkreis Emmendingen und die Ortenau
ğŸ’¶ Haushalt, Finanzen und Europa @cducsubt 
ğŸ‘¨â€ğŸ‘©â€ğŸ‘¦Familienpapa âš½ï¸SC-Fan"
425,Ye-One Rhie,yeone_rhie,SPD,15825,1290,473,"ğŸ› Bundestagsabgeordnete fÃ¼r Aachen
ğŸ¦¸ğŸ»â€â™€ï¸ Wissenschaftspolitikerin 
â¤ï¸ stellv. Vorsitzende der SPD Aachen"
426,Yvonne Magwas,yvonne_magwas,CDU,5260,569,1308,VizeprÃ¤sidentin des Deutschen BundestagesğŸ“DirektgewÃ¤hlte Bundestagsabgeordnete des Vogtlandkreises
427,Zanda Martens,zanda.martens,SPD,1719,440,1405,"Eure Bundestagsabgeordnete fÃ¼r D'dorf. ğŸ¤¸ 
Mitglied in der @spdbt und Vorsitzende der @spdduesseldorf. ğŸŒ¹ğŸ¤"
428,Zoe Mayer,zoe.gruene,GRÃœNE,10824,694,696,ğŸŒ» Direkt gewÃ¤hlte Bundestagsabgeordnete fÃ¼r KarlsruheğŸ‘©â€ğŸ“ Dr.-Ing. âœŠ FÃ¼r #klimaschutz #tierschutz #tierrechte #zusammenhalt ğŸŒ±ğŸ’ª plant powered ğŸ€ Zoe+Team
